cell_type,exp_type,exp_trial,cell_donor,virus_date,virus_vol_ul,x_data_type,X,y_data_type,rep1,rep2,rep3,rep4,rep5,rep6,rep7,rep8
act,timeseries_uninf,1,8A,2014-07-19,0,time_d,2,count_tot,813000,886400,907500,,,,,
act,timeseries_uninf,1,8A,2014-07-19,0,time_d,4,count_tot,978775,1018412.5,1205900,,,,,
act,timeseries_uninf,1,8A,2014-07-19,0,time_d,6,count_tot,830250,971550,995775,,,,,
act,timeseries_uninf,1,8A,2014-07-19,0,time_d,2,count_dead,139411.8772,144418.4737,151351.81,,,,,
act,timeseries_uninf,1,8A,2014-07-19,0,time_d,4,count_dead,372089.1404,427581.7847,517461.0463,,,,,
act,timeseries_uninf,1,8A,2014-07-19,0,time_d,6,count_dead,477311.912,575623.125,587263.0244,,,,,
act,timeseries_uninf,1,8A,2014-07-19,0,time_d,2,frac_inf,4.52E-06,0,4.10E-06,,,,,
act,timeseries_uninf,1,8A,2014-07-19,0,time_d,4,frac_inf,9.01E-06,0,3.59E-06,,,,,
act,timeseries_uninf,1,8A,2014-07-19,0,time_d,6,frac_inf,0,0,0,,,,,
act,timeseries_uninf,1,8A,2014-07-19,0,time_d,2,dead_frac_of_inf,0,,1,,,,,
act,timeseries_uninf,1,8A,2014-07-19,0,time_d,4,dead_frac_of_inf,0,,1,,,,,
act,timeseries_uninf,1,8A,2014-07-19,0,time_d,6,dead_frac_of_inf,,,,,,,,
act,timeseries_uninf,2,8B,2014-07-19,0,time_d,2,count_tot,740450,826100,841600,,,,,
act,timeseries_uninf,2,8B,2014-07-19,0,time_d,4,count_tot,866625,928200,893850,,,,,
act,timeseries_uninf,2,8B,2014-07-19,0,time_d,6,count_tot,909500,881550,810300,,,,,
act,timeseries_uninf,2,8B,2014-07-19,0,time_d,2,count_dead,139085.3378,160588.8191,165377.8468,,,,,
act,timeseries_uninf,2,8B,2014-07-19,0,time_d,4,count_dead,374972.1469,437162.9977,400726.8769,,,,,
act,timeseries_uninf,2,8B,2014-07-19,0,time_d,6,count_dead,628498.314,608427.4372,554017.9904,,,,,
act,timeseries_uninf,2,8B,2014-07-19,0,time_d,2,frac_inf,1.51E-05,2.35E-05,1.67E-05,,,,,
act,timeseries_uninf,2,8B,2014-07-19,0,time_d,4,frac_inf,2.07E-05,7.25E-06,1.49E-05,,,,,
act,timeseries_uninf,2,8B,2014-07-19,0,time_d,6,frac_inf,2.15E-05,2.25E-05,3.63E-06,,,,,
act,timeseries_uninf,2,8B,2014-07-19,0,time_d,2,dead_frac_of_inf,0.5,0.571428571,0.6,,,,,
act,timeseries_uninf,2,8B,2014-07-19,0,time_d,4,dead_frac_of_inf,0.4,0,0.75,,,,,
act,timeseries_uninf,2,8B,2014-07-19,0,time_d,6,dead_frac_of_inf,0.6,0.8,0,,,,,
act,timeseries_uninf,3,43B,2015-07-15,0,time_d,2,count_tot,1438500,1246200,1355725,,,,,
act,timeseries_uninf,3,43B,2015-07-15,0,time_d,4,count_tot,2295550,2650450,2404500,,,,,
act,timeseries_uninf,3,43B,2015-07-15,0,time_d,6,count_tot,1801250,1858450,1736500,,,,,
act,timeseries_uninf,3,43B,2015-07-15,0,time_d,2,count_dead,69738.63404,62944.93407,71147.24555,,,,,
act,timeseries_uninf,3,43B,2015-07-15,0,time_d,4,count_dead,204572.7032,251404.4164,263205.3935,,,,,
act,timeseries_uninf,3,43B,2015-07-15,0,time_d,6,count_dead,531717.7898,602424.2409,541915.127,,,,,
act,timeseries_uninf,3,43B,2015-07-15,0,time_d,2,frac_inf,1.83E-05,6.11E-06,0,,,,,
act,timeseries_uninf,3,43B,2015-07-15,0,time_d,4,frac_inf,9.16E-06,3.04E-06,2.99E-06,,,,,
act,timeseries_uninf,3,43B,2015-07-15,0,time_d,6,frac_inf,0,0,0,,,,,
act,timeseries_uninf,3,43B,2015-07-15,0,time_d,2,dead_frac_of_inf,0.166666667,0.5,,,,,,
act,timeseries_uninf,3,43B,2015-07-15,0,time_d,4,dead_frac_of_inf,0.333333333,1,0,,,,,
act,timeseries_uninf,3,43B,2015-07-15,0,time_d,6,dead_frac_of_inf,,,,,,,,
act,timeseries_inf,1,8A,2014-07-19,20,time_d,2,count_tot,560250,576000,516750,,,,,
act,timeseries_inf,1,8A,2014-07-19,20,time_d,4,count_tot,741487.5,727425,745250,,,,,
act,timeseries_inf,1,8A,2014-07-19,20,time_d,6,count_tot,872200,776625,934825,,,,,
act,timeseries_inf,1,8A,2014-07-19,20,time_d,2,count_dead,105073.8009,99467.18756,93942.83252,,,,,
act,timeseries_inf,1,8A,2014-07-19,20,time_d,4,count_dead,350805.8054,356850,374255.698,,,,,
act,timeseries_inf,1,8A,2014-07-19,20,time_d,6,count_dead,581255.713,538616.4692,633651.3753,,,,,
act,timeseries_inf,1,8A,2014-07-19,20,time_d,2,frac_inf,0.021437503,0.02436664,0.020981826,,,,,
act,timeseries_inf,1,8A,2014-07-19,20,time_d,4,frac_inf,0.047410917,0.046350786,0.042766988,,,,,
act,timeseries_inf,1,8A,2014-07-19,20,time_d,6,frac_inf,0.039850528,0.039881213,0.041174303,,,,,
act,timeseries_inf,1,8A,2014-07-19,20,time_d,2,dead_frac_of_inf,0.153462258,0.15545809,0.15525704,,,,,
act,timeseries_inf,1,8A,2014-07-19,20,time_d,4,dead_frac_of_inf,0.382282348,0.379105188,0.395256917,,,,,
act,timeseries_inf,1,8A,2014-07-19,20,time_d,6,dead_frac_of_inf,0.571985954,0.59494311,0.573372563,,,,,
act,timeseries_inf,2,8B,2014-07-19,20,time_d,2,count_tot,789275,877700,767075,,,,,
act,timeseries_inf,2,8B,2014-07-19,20,time_d,4,count_tot,915062,781500,808500,,,,,
act,timeseries_inf,2,8B,2014-07-19,20,time_d,6,count_tot,696712,751675,780975,,,,,
act,timeseries_inf,2,8B,2014-07-19,20,time_d,2,count_dead,163253.8418,169192.8898,154284.1483,,,,,
act,timeseries_inf,2,8B,2014-07-19,20,time_d,4,count_dead,426137.9096,377901.0783,417457.6314,,,,,
act,timeseries_inf,2,8B,2014-07-19,20,time_d,6,count_dead,526575.9948,558554.4089,563028.0407,,,,,
act,timeseries_inf,2,8B,2014-07-19,20,time_d,2,frac_inf,0.026224012,0.028044368,0.027697597,,,,,
act,timeseries_inf,2,8B,2014-07-19,20,time_d,4,frac_inf,0.052203326,0.048096945,0.053949848,,,,,
act,timeseries_inf,2,8B,2014-07-19,20,time_d,6,frac_inf,0.052886437,0.04903576,0.05366042,,,,,
act,timeseries_inf,2,8B,2014-07-19,20,time_d,2,dead_frac_of_inf,0.162590328,0.149864813,0.146483663,,,,,
act,timeseries_inf,2,8B,2014-07-19,20,time_d,4,dead_frac_of_inf,0.372916153,0.387444082,0.406223782,,,,,
act,timeseries_inf,2,8B,2014-07-19,20,time_d,6,dead_frac_of_inf,0.647442373,0.647537949,0.601025955,,,,,
act,timeseries_inf,3,43B,2015-07-15,50,time_d,2,count_tot,1080350,1159312.5,1040625,,,,,
act,timeseries_inf,3,43B,2015-07-15,50,time_d,4,count_tot,1951125,1902875,1924650,,,,,
act,timeseries_inf,3,43B,2015-07-15,50,time_d,6,count_tot,999000,910200,812500,,,,,
act,timeseries_inf,3,43B,2015-07-15,50,time_d,2,count_dead,69783.3899,73351.76829,63514.87147,,,,,
act,timeseries_inf,3,43B,2015-07-15,50,time_d,4,count_dead,241662.1536,254819.2241,212134.5404,,,,,
act,timeseries_inf,3,43B,2015-07-15,50,time_d,6,count_dead,464761.4487,420161.5898,407439.6352,,,,,
act,timeseries_inf,3,43B,2015-07-15,50,time_d,2,frac_inf,0.098196179,0.101501445,0.097869843,,,,,
act,timeseries_inf,3,43B,2015-07-15,50,time_d,4,frac_inf,0.068625894,0.06903535,0.06283188,,,,,
act,timeseries_inf,3,43B,2015-07-15,50,time_d,6,frac_inf,0.071544084,0.075973723,0.076753147,,,,,
act,timeseries_inf,3,43B,2015-07-15,50,time_d,2,dead_frac_of_inf,0.161432471,0.155722952,0.149668148,,,,,
act,timeseries_inf,3,43B,2015-07-15,50,time_d,4,dead_frac_of_inf,0.442086763,0.44832673,0.398917482,,,,,
act,timeseries_inf,3,43B,2015-07-15,50,time_d,6,dead_frac_of_inf,0.669178202,0.640376266,0.661311914,,,,,
act,virus_decay,1,38A,2015-06-22,10,t_incub_d,0,count_tot,523875,557500,547225,,,,,
act,virus_decay,1,38A,2015-06-22,10,t_incub_d,1,count_tot,561000,590400,566575,,,,,
act,virus_decay,1,38A,2015-06-22,10,t_incub_d,2,count_tot,609375,612775,596875,,,,,
act,virus_decay,1,38A,2015-06-22,10,t_incub_d,3,count_tot,612312,596800,595213,,,,,
act,virus_decay,1,38A,2015-06-22,10,t_incub_d,4,count_tot,655750,638900,634250,,,,,
act,virus_decay,1,38A,2015-06-22,10,t_incub_d,0,count_dead,227643.5705,240777.3126,223921.7031,,,,,
act,virus_decay,1,38A,2015-06-22,10,t_incub_d,1,count_dead,236846.2232,256112.4579,245547.0496,,,,,
act,virus_decay,1,38A,2015-06-22,10,t_incub_d,2,count_dead,263644.8422,256097.0379,257968.449,,,,,
act,virus_decay,1,38A,2015-06-22,10,t_incub_d,3,count_dead,265021.9796,253611.8071,253546.6967,,,,,
act,virus_decay,1,38A,2015-06-22,10,t_incub_d,4,count_dead,288253.7756,278313.9707,273237.3422,,,,,
act,virus_decay,1,38A,2015-06-22,10,t_incub_d,0,frac_inf,0.0144696,0.020462146,0.019848186,,,,,
act,virus_decay,1,38A,2015-06-22,10,t_incub_d,1,frac_inf,0.014970434,0.017760099,0.016799399,,,,,
act,virus_decay,1,38A,2015-06-22,10,t_incub_d,2,frac_inf,0.003259337,0.004566713,0.004440627,,,,,
act,virus_decay,1,38A,2015-06-22,10,t_incub_d,3,frac_inf,0.000247279,0.00041273,0.000368881,,,,,
act,virus_decay,1,38A,2015-06-22,10,t_incub_d,4,frac_inf,4.89E-05,0.000102412,0.000240771,,,,,
act,virus_decay,1,38A,2015-06-22,10,t_incub_d,0,dead_frac_of_inf,0.329140461,0.323912509,0.325046284,,,,,
act,virus_decay,1,38A,2015-06-22,10,t_incub_d,1,dead_frac_of_inf,0.306855277,0.32460733,0.309123435,,,,,
act,virus_decay,1,38A,2015-06-22,10,t_incub_d,2,dead_frac_of_inf,0.289922481,0.297487437,0.313012896,,,,,
act,virus_decay,1,38A,2015-06-22,10,t_incub_d,3,dead_frac_of_inf,0.3,0.34939759,0.317073171,,,,,
act,virus_decay,1,38A,2015-06-22,10,t_incub_d,4,dead_frac_of_inf,0.363636364,0.434782609,0.269230769,,,,,
act,virus_decay,2,32A,2015-06-22,10,t_incub_d,0,count_tot,942000,1057238,1038275,,,,,
act,virus_decay,2,32A,2015-06-22,10,t_incub_d,1,count_tot,1079925,1085875,927000,,,,,
act,virus_decay,2,32A,2015-06-22,10,t_incub_d,2,count_tot,1113000,1108663,1008525,,,,,
act,virus_decay,2,32A,2015-06-22,10,t_incub_d,3,count_tot,1137000,1147500,1072488,,,,,
act,virus_decay,2,32A,2015-06-22,10,t_incub_d,4,count_tot,1166625,1137225,1026600,,,,,
act,virus_decay,2,32A,2015-06-22,10,t_incub_d,0,count_dead,509783.1259,551637.7447,469270.0356,,,,,
act,virus_decay,2,32A,2015-06-22,10,t_incub_d,1,count_dead,597456.9346,579370.9613,499905.4598,,,,,
act,virus_decay,2,32A,2015-06-22,10,t_incub_d,2,count_dead,611835.1663,594009.8018,523253.6999,,,,,
act,virus_decay,2,32A,2015-06-22,10,t_incub_d,3,count_dead,584527.3632,567379.2019,593465.1585,,,,,
act,virus_decay,2,32A,2015-06-22,10,t_incub_d,4,count_dead,607913.0463,615913.936,535705.2677,,,,,
act,virus_decay,2,32A,2015-06-22,10,t_incub_d,0,frac_inf,0.024988474,0.032166691,0.032019432,,,,,
act,virus_decay,2,32A,2015-06-22,10,t_incub_d,1,frac_inf,0.019813101,0.019273154,0.021265776,,,,,
act,virus_decay,2,32A,2015-06-22,10,t_incub_d,2,frac_inf,0.00253451,0.002568053,0.00341938,,,,,
act,virus_decay,2,32A,2015-06-22,10,t_incub_d,3,frac_inf,0.001316945,0.000659129,0.00116571,,,,,
act,virus_decay,2,32A,2015-06-22,10,t_incub_d,4,frac_inf,4.79E-05,0,9.60E-05,,,,,
act,virus_decay,2,32A,2015-06-22,10,t_incub_d,0,dead_frac_of_inf,0.429889299,0.462686567,0.468965517,,,,,
act,virus_decay,2,32A,2015-06-22,10,t_incub_d,1,dead_frac_of_inf,0.535147392,0.496350365,0.502173913,,,,,
act,virus_decay,2,32A,2015-06-22,10,t_incub_d,2,dead_frac_of_inf,0.482142857,0.581818182,0.507042254,,,,,
act,virus_decay,2,32A,2015-06-22,10,t_incub_d,3,dead_frac_of_inf,0.444444444,0.307692308,0.461538462,,,,,
act,virus_decay,2,32A,2015-06-22,10,t_incub_d,4,dead_frac_of_inf,1,,0,,,,,
act,virus_dilution,1,36A,2015-06-01,NA,v_innoc,1.25,frac_live,0.927340824,0.943134272,,,,,,
act,virus_dilution,1,36A,2015-06-01,NA,v_innoc,2.5,frac_live,0.945853194,0.921912946,,,,,,
act,virus_dilution,1,36A,2015-06-01,NA,v_innoc,5,frac_live,0.945992366,0.942059271,,,,,,
act,virus_dilution,1,36A,2015-06-01,NA,v_innoc,10,frac_live,0.93570348,0.934655335,,,,,,
act,virus_dilution,1,36A,2015-06-01,NA,v_innoc,20,frac_live,0.928598201,0.924680691,,,,,,
act,virus_dilution,1,36A,2015-06-01,NA,v_innoc,40,frac_live,0.889513788,0.92635514,,,,,,
act,virus_dilution,1,36A,2015-06-01,NA,v_innoc,1.25,frac_inf,0.001310861,0.003042982,,,,,,
act,virus_dilution,1,36A,2015-06-01,NA,v_innoc,2.5,frac_inf,0.002287893,0.001868111,,,,,,
act,virus_dilution,1,36A,2015-06-01,NA,v_innoc,5,frac_inf,0.004580153,0.009118541,,,,,,
act,virus_dilution,1,36A,2015-06-01,NA,v_innoc,10,frac_inf,0.013615734,0.010009443,,,,,,
act,virus_dilution,1,36A,2015-06-01,NA,v_innoc,20,frac_inf,0.020614693,0.021036814,,,,,,
act,virus_dilution,1,36A,2015-06-01,NA,v_innoc,40,frac_inf,0.039912917,0.030280374,,,,,,
act,virus_dilution,1,36A,2015-06-01,NA,v_innoc,1.25,dead_frac_of_inf,0.285714286,0.4375,,,,,,
act,virus_dilution,1,36A,2015-06-01,NA,v_innoc,2.5,dead_frac_of_inf,0.25,0.4,,,,,,
act,virus_dilution,1,36A,2015-06-01,NA,v_innoc,5,dead_frac_of_inf,0.541666667,0.479166667,,,,,,
act,virus_dilution,1,36A,2015-06-01,NA,v_innoc,10,dead_frac_of_inf,0.541666667,0.490566038,,,,,,
act,virus_dilution,1,36A,2015-06-01,NA,v_innoc,20,dead_frac_of_inf,0.581818182,0.589285714,,,,,,
act,virus_dilution,1,36A,2015-06-01,NA,v_innoc,40,dead_frac_of_inf,0.477272727,0.512345679,,,,,,
act,virus_dilution,2,40A,2015-06-01,NA,v_innoc,1.25,frac_live,0.99401556,0.991855383,0.994028068,,,,,
act,virus_dilution,2,40A,2015-06-01,NA,v_innoc,2.5,frac_live,0.989792885,0.988600317,0.990649557,,,,,
act,virus_dilution,2,40A,2015-06-01,NA,v_innoc,5,frac_live,0.979287327,0.988096419,0.983440118,,,,,
act,virus_dilution,2,40A,2015-06-01,NA,v_innoc,10,frac_live,0.965483902,0.955612829,0.966789311,,,,,
act,virus_dilution,2,40A,2015-06-01,NA,v_innoc,20,frac_live,0.946594574,0.95699442,0.959630022,,,,,
act,virus_dilution,2,40A,2015-06-01,NA,v_innoc,40,frac_live,0.927828418,0.928237469,0.924744064,,,,,
act,virus_dilution,2,40A,2015-06-01,NA,v_innoc,1.25,frac_inf,0.326550967,0.36223679,0.329252513,,,,,
act,virus_dilution,2,40A,2015-06-01,NA,v_innoc,2.5,frac_inf,0.339312258,0.335646312,0.33393017,,,,,
act,virus_dilution,2,40A,2015-06-01,NA,v_innoc,5,frac_inf,0.359870423,0.338656879,0.345293248,,,,,
act,virus_dilution,2,40A,2015-06-01,NA,v_innoc,10,frac_inf,0.397273518,0.394425353,0.395333075,,,,,
act,virus_dilution,2,40A,2015-06-01,NA,v_innoc,20,frac_inf,0.458072472,0.440831249,0.44802004,,,,,
act,virus_dilution,2,40A,2015-06-01,NA,v_innoc,40,frac_inf,0.532546917,0.529846689,0.586146809,,,,,
act,virus_dilution,2,40A,2015-06-01,NA,v_innoc,1.25,dead_frac_of_inf,0.016799023,0.02029065,0.019951632,,,,,
act,virus_dilution,2,40A,2015-06-01,NA,v_innoc,2.5,dead_frac_of_inf,0.034170561,0.033668045,0.030980042,,,,,
act,virus_dilution,2,40A,2015-06-01,NA,v_innoc,5,dead_frac_of_inf,0.046099291,0.040128881,0.051669997,,,,,
act,virus_dilution,2,40A,2015-06-01,NA,v_innoc,10,dead_frac_of_inf,0.086395717,0.088334947,0.083027186,,,,,
act,virus_dilution,2,40A,2015-06-01,NA,v_innoc,20,dead_frac_of_inf,0.130875958,0.125054561,0.12688172,,,,,
act,virus_dilution,2,40A,2015-06-01,NA,v_innoc,40,dead_frac_of_inf,0.169351591,0.177508722,0.171869194,,,,,
act,drugstopping_efav,1,UNK1,UNK,50,t_innoc_d,0,frac_live,0.664699712,0.659267913,,,,,,
act,drugstopping_efav,1,UNK1,UNK,50,t_innoc_d,0.5,frac_live,0.71507275,0.677445324,,,,,,
act,drugstopping_efav,1,UNK1,UNK,50,t_innoc_d,1,frac_live,0.669803818,0.674903165,,,,,,
act,drugstopping_efav,1,UNK1,UNK,50,t_innoc_d,2,frac_live,0.691444216,0.662604822,,,,,,
act,drugstopping_efav,1,UNK1,UNK,50,t_innoc_d,3,frac_live,0.652749229,0.691005869,,,,,,
act,drugstopping_efav,1,UNK1,UNK,50,t_innoc_d,4,frac_live,0.659235256,0.636022514,,,,,,
act,drugstopping_efav,1,UNK1,UNK,50,t_innoc_d,6,frac_live,0.649358974,0.618301933,,,,,,
act,drugstopping_efav,1,UNK1,UNK,50,t_innoc_d,0,frac_inf,0,0,,,,,,
act,drugstopping_efav,1,UNK1,UNK,50,t_innoc_d,0.5,frac_inf,0.013843763,0.013685764,,,,,,
act,drugstopping_efav,1,UNK1,UNK,50,t_innoc_d,1,frac_inf,0.048913043,0.043675705,,,,,,
act,drugstopping_efav,1,UNK1,UNK,50,t_innoc_d,2,frac_inf,0.064065708,0.063286164,,,,,,
act,drugstopping_efav,1,UNK1,UNK,50,t_innoc_d,3,frac_inf,0.08491778,0.08066057,,,,,,
act,drugstopping_efav,1,UNK1,UNK,50,t_innoc_d,4,frac_inf,0.083992223,0.094308943,,,,,,
act,drugstopping_efav,1,UNK1,UNK,50,t_innoc_d,6,frac_inf,0.096410256,0.092977734,,,,,,
act,drugstopping_efav,1,UNK1,UNK,50,t_innoc_d,0,dead_frac_of_inf,,,,,,,,
act,drugstopping_efav,1,UNK1,UNK,50,t_innoc_d,0.5,dead_frac_of_inf,0.816326531,0.852941176,,,,,,
act,drugstopping_efav,1,UNK1,UNK,50,t_innoc_d,1,dead_frac_of_inf,0.821138211,0.788990826,,,,,,
act,drugstopping_efav,1,UNK1,UNK,50,t_innoc_d,2,dead_frac_of_inf,0.797008547,0.795031056,,,,,,
act,drugstopping_efav,1,UNK1,UNK,50,t_innoc_d,3,dead_frac_of_inf,0.750378215,0.708967851,,,,,,
act,drugstopping_efav,1,UNK1,UNK,50,t_innoc_d,4,dead_frac_of_inf,0.711419753,0.713527851,,,,,,
act,drugstopping_efav,1,UNK1,UNK,50,t_innoc_d,6,dead_frac_of_inf,0.722074468,0.738157895,,,,,,
act,drugstopping_efav,2,UNK2,UNK,50,t_innoc_d,0,frac_live,0.501061357,0.519007226,,,,,,
act,drugstopping_efav,2,UNK2,UNK,50,t_innoc_d,0.5,frac_live,0.503041979,0.513653289,,,,,,
act,drugstopping_efav,2,UNK2,UNK,50,t_innoc_d,1,frac_live,0.511824848,0.507720626,,,,,,
act,drugstopping_efav,2,UNK2,UNK,50,t_innoc_d,2,frac_live,0.471452959,0.478560341,,,,,,
act,drugstopping_efav,2,UNK2,UNK,50,t_innoc_d,3,frac_live,0.497542381,0.464946035,,,,,,
act,drugstopping_efav,2,UNK2,UNK,50,t_innoc_d,4,frac_live,0.475210567,0.481736934,,,,,,
act,drugstopping_efav,2,UNK2,UNK,50,t_innoc_d,6,frac_live,0.471719672,0.47589783,,,,,,
act,drugstopping_efav,2,UNK2,UNK,50,t_innoc_d,0,frac_inf,0,0,,,,,,
act,drugstopping_efav,2,UNK2,UNK,50,t_innoc_d,0.5,frac_inf,0.010139931,0.010653703,,,,,,
act,drugstopping_efav,2,UNK2,UNK,50,t_innoc_d,1,frac_inf,0.021377672,0.025564986,,,,,,
act,drugstopping_efav,2,UNK2,UNK,50,t_innoc_d,2,frac_inf,0.041445372,0.046565774,,,,,,
act,drugstopping_efav,2,UNK2,UNK,50,t_innoc_d,3,frac_inf,0.059885646,0.05452839,,,,,,
act,drugstopping_efav,2,UNK2,UNK,50,t_innoc_d,4,frac_inf,0.059245789,0.060326404,,,,,,
act,drugstopping_efav,2,UNK2,UNK,50,t_innoc_d,6,frac_inf,0.053513616,0.048780488,,,,,,
act,drugstopping_efav,2,UNK2,UNK,50,t_innoc_d,0,dead_frac_of_inf,,,,,,,,
act,drugstopping_efav,2,UNK2,UNK,50,t_innoc_d,0.5,dead_frac_of_inf,0.81,0.766990291,,,,,,
act,drugstopping_efav,2,UNK2,UNK,50,t_innoc_d,1,dead_frac_of_inf,0.830917874,0.74,,,,,,
act,drugstopping_efav,2,UNK2,UNK,50,t_innoc_d,2,dead_frac_of_inf,0.723112128,0.697916667,,,,,,
act,drugstopping_efav,2,UNK2,UNK,50,t_innoc_d,3,dead_frac_of_inf,0.658291457,0.678141136,,,,,,
act,drugstopping_efav,2,UNK2,UNK,50,t_innoc_d,4,dead_frac_of_inf,0.662358643,0.711755233,,,,,,
act,drugstopping_efav,2,UNK2,UNK,50,t_innoc_d,6,dead_frac_of_inf,0.685053381,0.687007874,,,,,,
act,drugstopping_efav,3,UNK3,UNK,50,t_innoc_d,0,frac_live,0.321895324,0.326036505,,,,,,
act,drugstopping_efav,3,UNK3,UNK,50,t_innoc_d,0.5,frac_live,0.384126515,0.296285843,,,,,,
act,drugstopping_efav,3,UNK3,UNK,50,t_innoc_d,1,frac_live,0.293433037,0.306026916,,,,,,
act,drugstopping_efav,3,UNK3,UNK,50,t_innoc_d,2,frac_live,0.361053361,0.353420964,,,,,,
act,drugstopping_efav,3,UNK3,UNK,50,t_innoc_d,3,frac_live,0.349256121,0.310772334,,,,,,
act,drugstopping_efav,3,UNK3,UNK,50,t_innoc_d,4,frac_live,0.29804165,0.31118632,,,,,,
act,drugstopping_efav,3,UNK3,UNK,50,t_innoc_d,6,frac_live,0.339140008,0.369809993,,,,,,
act,drugstopping_efav,3,UNK3,UNK,50,t_innoc_d,0,frac_inf,0,6.27E-05,,,,,,
act,drugstopping_efav,3,UNK3,UNK,50,t_innoc_d,0.5,frac_inf,0.008498374,0.009878076,,,,,,
act,drugstopping_efav,3,UNK3,UNK,50,t_innoc_d,1,frac_inf,0.033959294,0.037507314,,,,,,
act,drugstopping_efav,3,UNK3,UNK,50,t_innoc_d,2,frac_inf,0.051420651,0.063363667,,,,,,
act,drugstopping_efav,3,UNK3,UNK,50,t_innoc_d,3,frac_inf,0.058576289,0.060327441,,,,,,
act,drugstopping_efav,3,UNK3,UNK,50,t_innoc_d,4,frac_inf,0.068231842,0.065431659,,,,,,
act,drugstopping_efav,3,UNK3,UNK,50,t_innoc_d,6,frac_inf,0.06061391,0.055805771,,,,,,
act,drugstopping_efav,3,UNK3,UNK,50,t_innoc_d,0,dead_frac_of_inf,,1,,,,,,
act,drugstopping_efav,3,UNK3,UNK,50,t_innoc_d,0.5,dead_frac_of_inf,0.852173913,0.937142857,,,,,,
act,drugstopping_efav,3,UNK3,UNK,50,t_innoc_d,1,dead_frac_of_inf,0.943708609,0.946957878,,,,,,
act,drugstopping_efav,3,UNK3,UNK,50,t_innoc_d,2,dead_frac_of_inf,0.893530997,0.860638298,,,,,,
act,drugstopping_efav,3,UNK3,UNK,50,t_innoc_d,3,dead_frac_of_inf,0.87357631,0.909537856,,,,,,
act,drugstopping_efav,3,UNK3,UNK,50,t_innoc_d,4,dead_frac_of_inf,0.900744417,0.86569873,,,,,,
act,drugstopping_efav,3,UNK3,UNK,50,t_innoc_d,6,dead_frac_of_inf,0.860042735,0.860025221,,,,,,
act,drugstopping_ralt,1,UNK4,UNK,50,t_innoc_d,0,frac_live,0.186183465,0.151563632,,,,,,
act,drugstopping_ralt,1,UNK4,UNK,50,t_innoc_d,1,frac_live,0.190299496,0.166477349,,,,,,
act,drugstopping_ralt,1,UNK4,UNK,50,t_innoc_d,2,frac_live,0.161597325,0.1757979,,,,,,
act,drugstopping_ralt,1,UNK4,UNK,50,t_innoc_d,3,frac_live,0.148766003,0.148019947,,,,,,
act,drugstopping_ralt,1,UNK4,UNK,50,t_innoc_d,4,frac_live,0.169248985,0.170734201,,,,,,
act,drugstopping_ralt,1,UNK4,UNK,50,t_innoc_d,5,frac_live,0.15611293,0.16214994,,,,,,
act,drugstopping_ralt,1,UNK4,UNK,50,t_innoc_d,6,frac_live,0.1692,0.187558274,,,,,,
act,drugstopping_ralt,1,UNK4,UNK,50,t_innoc_d,0,frac_inf,0.000604002,0.000633905,,,,,,
act,drugstopping_ralt,1,UNK4,UNK,50,t_innoc_d,1,frac_inf,0.159403279,0.18421756,,,,,,
act,drugstopping_ralt,1,UNK4,UNK,50,t_innoc_d,2,frac_inf,0.204424153,0.244169526,,,,,,
act,drugstopping_ralt,1,UNK4,UNK,50,t_innoc_d,3,frac_inf,0.283058283,0.273100616,,,,,,
act,drugstopping_ralt,1,UNK4,UNK,50,t_innoc_d,4,frac_inf,0.247936401,0.261503852,,,,,,
act,drugstopping_ralt,1,UNK4,UNK,50,t_innoc_d,5,frac_inf,0.264378823,0.266998288,,,,,,
act,drugstopping_ralt,1,UNK4,UNK,50,t_innoc_d,6,frac_inf,0.276033333,0.251407899,,,,,,
act,drugstopping_ralt,1,UNK4,UNK,50,t_innoc_d,0,dead_frac_of_inf,0.625,0.666666667,,,,,,
act,drugstopping_ralt,1,UNK4,UNK,50,t_innoc_d,1,dead_frac_of_inf,0.797624703,0.833333333,,,,,,
act,drugstopping_ralt,1,UNK4,UNK,50,t_innoc_d,2,dead_frac_of_inf,0.833280906,0.806273063,,,,,,
act,drugstopping_ralt,1,UNK4,UNK,50,t_innoc_d,3,dead_frac_of_inf,0.843015287,0.83254565,,,,,,
act,drugstopping_ralt,1,UNK4,UNK,50,t_innoc_d,4,dead_frac_of_inf,0.797926047,0.804353493,,,,,,
act,drugstopping_ralt,1,UNK4,UNK,50,t_innoc_d,5,dead_frac_of_inf,0.795653698,0.789499153,,,,,,
act,drugstopping_ralt,1,UNK4,UNK,50,t_innoc_d,6,dead_frac_of_inf,0.796280642,0.751817238,,,,,,
act,drugstopping_ralt,2,UNK5,UNK,50,t_innoc_d,0,frac_live,0.299241097,0.289108023,,,,,,
act,drugstopping_ralt,2,UNK5,UNK,50,t_innoc_d,1,frac_live,0.302051403,0.318043194,,,,,,
act,drugstopping_ralt,2,UNK5,UNK,50,t_innoc_d,2,frac_live,0.27213445,0.338747863,,,,,,
act,drugstopping_ralt,2,UNK5,UNK,50,t_innoc_d,3,frac_live,0.274668083,0.307993259,,,,,,
act,drugstopping_ralt,2,UNK5,UNK,50,t_innoc_d,4,frac_live,0.302769194,0.262545306,,,,,,
act,drugstopping_ralt,2,UNK5,UNK,50,t_innoc_d,5,frac_live,0.312169312,0.294916233,,,,,,
act,drugstopping_ralt,2,UNK5,UNK,50,t_innoc_d,6,frac_live,0.307323217,0.272183763,,,,,,
act,drugstopping_ralt,2,UNK5,UNK,50,t_innoc_d,0,frac_inf,0.001225919,0.00084043,,,,,,
act,drugstopping_ralt,2,UNK5,UNK,50,t_innoc_d,1,frac_inf,0.085475124,0.083400759,,,,,,
act,drugstopping_ralt,2,UNK5,UNK,50,t_innoc_d,2,frac_inf,0.121726222,0.141457319,,,,,,
act,drugstopping_ralt,2,UNK5,UNK,50,t_innoc_d,3,frac_inf,0.153159851,0.162152402,,,,,,
act,drugstopping_ralt,2,UNK5,UNK,50,t_innoc_d,4,frac_inf,0.151592584,0.151717801,,,,,,
act,drugstopping_ralt,2,UNK5,UNK,50,t_innoc_d,5,frac_inf,0.154533844,0.156036973,,,,,,
act,drugstopping_ralt,2,UNK5,UNK,50,t_innoc_d,6,frac_inf,0.154321358,0.156335221,,,,,,
act,drugstopping_ralt,2,UNK5,UNK,50,t_innoc_d,0,dead_frac_of_inf,1,1,,,,,,
act,drugstopping_ralt,2,UNK5,UNK,50,t_innoc_d,1,dead_frac_of_inf,0.863448276,0.855970149,,,,,,
act,drugstopping_ralt,2,UNK5,UNK,50,t_innoc_d,2,dead_frac_of_inf,0.841463415,0.821478382,,,,,,
act,drugstopping_ralt,2,UNK5,UNK,50,t_innoc_d,3,dead_frac_of_inf,0.830443828,0.828507795,,,,,,
act,drugstopping_ralt,2,UNK5,UNK,50,t_innoc_d,4,dead_frac_of_inf,0.778518228,0.811574697,,,,,,
act,drugstopping_ralt,2,UNK5,UNK,50,t_innoc_d,5,dead_frac_of_inf,0.76111767,0.805997779,,,,,,
act,drugstopping_ralt,2,UNK5,UNK,50,t_innoc_d,6,dead_frac_of_inf,0.776914108,0.786648776,,,,,,
ecm,timeseries_uninf,1,43A,2014-07-19,0,time_d,2,count_tot,259250,227362.5,224750,,,,,
ecm,timeseries_uninf,1,43A,2014-07-19,0,time_d,4,count_tot,259000,266750,260075,,,,,
ecm,timeseries_uninf,1,43A,2014-07-19,0,time_d,6,count_tot,242812,237350,248875,,,,,
ecm,timeseries_uninf,1,43A,2014-07-19,0,time_d,2,count_dead,25368.15564,15835.4954,15471.15964,,,,,
ecm,timeseries_uninf,1,43A,2014-07-19,0,time_d,4,count_dead,44027.12116,54934.42445,51829.72466,,,,,
ecm,timeseries_uninf,1,43A,2014-07-19,0,time_d,6,count_dead,116486.9414,109605.6853,96728.94392,,,,,
ecm,timeseries_uninf,1,43A,2014-07-19,0,time_d,2,frac_inf,0,0,0,,,,,
ecm,timeseries_uninf,1,43A,2014-07-19,0,time_d,4,frac_inf,0,0,0,,,,,
ecm,timeseries_uninf,1,43A,2014-07-19,0,time_d,6,frac_inf,0,0,0,,,,,
ecm,timeseries_uninf,1,43A,2014-07-19,0,time_d,2,dead_frac_of_inf,,,,,,,,
ecm,timeseries_uninf,1,43A,2014-07-19,0,time_d,4,dead_frac_of_inf,,,,,,,,
ecm,timeseries_uninf,1,43A,2014-07-19,0,time_d,6,dead_frac_of_inf,,,,,,,,
ecm,timeseries_uninf,2,8B,2014-07-19,0,time_d,2,count_tot,277450,278287,273000,,,,,
ecm,timeseries_uninf,2,8B,2014-07-19,0,time_d,4,count_tot,257600,265350,266475,,,,,
ecm,timeseries_uninf,2,8B,2014-07-19,0,time_d,6,count_tot,230750,238712,246073,,,,,
ecm,timeseries_uninf,2,8B,2014-07-19,0,time_d,2,count_dead,41419.81816,32952.41238,33587.36711,,,,,
ecm,timeseries_uninf,2,8B,2014-07-19,0,time_d,4,count_dead,42426.31396,54117.72515,51544.43431,,,,,
ecm,timeseries_uninf,2,8B,2014-07-19,0,time_d,6,count_dead,82476.92056,97976.02217,70156.37908,,,,,
ecm,timeseries_uninf,2,8B,2014-07-19,0,time_d,2,frac_inf,1.16E-05,1.04E-05,1.04E-05,,,,,
ecm,timeseries_uninf,2,8B,2014-07-19,0,time_d,4,frac_inf,0,0,1.09E-05,,,,,
ecm,timeseries_uninf,2,8B,2014-07-19,0,time_d,6,frac_inf,1.39E-05,1.61E-05,1.18E-05,,,,,
ecm,timeseries_uninf,2,8B,2014-07-19,0,time_d,2,dead_frac_of_inf,1,0,0,,,,,
ecm,timeseries_uninf,2,8B,2014-07-19,0,time_d,4,dead_frac_of_inf,,,0,,,,,
ecm,timeseries_uninf,2,8B,2014-07-19,0,time_d,6,dead_frac_of_inf,0,0,0,,,,,
ecm,timeseries_uninf,3,43B,2015-07-15,0,time_d,2,count_tot,275500,272800,279075,,,,,
ecm,timeseries_uninf,3,43B,2015-07-15,0,time_d,4,count_tot,278287.5,258300,270725,,,,,
ecm,timeseries_uninf,3,43B,2015-07-15,0,time_d,6,count_tot,253637.5,244200,256762.5,,,,,
ecm,timeseries_uninf,3,43B,2015-07-15,0,time_d,2,count_dead,66767.23695,32186.97959,29906.01767,,,,,
ecm,timeseries_uninf,3,43B,2015-07-15,0,time_d,4,count_dead,37154.00862,38604.48368,39592.81421,,,,,
ecm,timeseries_uninf,3,43B,2015-07-15,0,time_d,6,count_dead,87691.23775,70437.02961,52811.25956,,,,,
ecm,timeseries_uninf,3,43B,2015-07-15,0,time_d,2,frac_inf,1.05E-05,0,1.01E-05,,,,,
ecm,timeseries_uninf,3,43B,2015-07-15,0,time_d,4,frac_inf,0,0,0,,,,,
ecm,timeseries_uninf,3,43B,2015-07-15,0,time_d,6,frac_inf,1.53E-05,1.35E-05,0,,,,,
ecm,timeseries_uninf,3,43B,2015-07-15,0,time_d,2,dead_frac_of_inf,1,,1,,,,,
ecm,timeseries_uninf,3,43B,2015-07-15,0,time_d,4,dead_frac_of_inf,,,,,,,,
ecm,timeseries_uninf,3,43B,2015-07-15,0,time_d,6,dead_frac_of_inf,1,1,,,,,,
ecm,timeseries_inf,1,43A,2014-07-19,20,time_d,2,count_tot,280000,278500,278775,,,,,
ecm,timeseries_inf,1,43A,2014-07-19,20,time_d,4,count_tot,253000,238650,246675,,,,,
ecm,timeseries_inf,1,43A,2014-07-19,20,time_d,6,count_tot,218700,225400,227250,,,,,
ecm,timeseries_inf,1,43A,2014-07-19,20,time_d,2,count_dead,27103.42289,19898.27342,18895.2654,,,,,
ecm,timeseries_inf,1,43A,2014-07-19,20,time_d,4,count_dead,56207.67019,57624.61027,57398.3915,,,,,
ecm,timeseries_inf,1,43A,2014-07-19,20,time_d,6,count_dead,128565.7305,117343.3209,100813.0285,,,,,
ecm,timeseries_inf,1,43A,2014-07-19,20,time_d,2,frac_inf,0,0,0,,,,,
ecm,timeseries_inf,1,43A,2014-07-19,20,time_d,4,frac_inf,0.006134834,0.005268347,0.004584197,,,,,
ecm,timeseries_inf,1,43A,2014-07-19,20,time_d,6,frac_inf,0.005233722,0.00636057,0.007845709,,,,,
ecm,timeseries_inf,1,43A,2014-07-19,20,time_d,2,dead_frac_of_inf,,,,,,,,
ecm,timeseries_inf,1,43A,2014-07-19,20,time_d,4,dead_frac_of_inf,0.174147217,0.233918129,0.173366834,,,,,
ecm,timeseries_inf,1,43A,2014-07-19,20,time_d,6,dead_frac_of_inf,0.432432432,0.474418605,0.409221902,,,,,
ecm,timeseries_inf,2,8B,2014-07-19,20,time_d,2,count_tot,269100,274625,264000,,,,,
ecm,timeseries_inf,2,8B,2014-07-19,20,time_d,4,count_tot,252000,242250,248000,,,,,
ecm,timeseries_inf,2,8B,2014-07-19,20,time_d,6,count_tot,218700,215062.5,213287.5,,,,,
ecm,timeseries_inf,2,8B,2014-07-19,20,time_d,2,count_dead,48355.83104,43766.6376,44030.36111,,,,,
ecm,timeseries_inf,2,8B,2014-07-19,20,time_d,4,count_dead,83444.70005,83478.2528,81533.18098,,,,,
ecm,timeseries_inf,2,8B,2014-07-19,20,time_d,6,count_dead,116003.3644,118906.9119,104725.1896,,,,,
ecm,timeseries_inf,2,8B,2014-07-19,20,time_d,2,frac_inf,0.000952664,0.001248075,0.001354494,,,,,
ecm,timeseries_inf,2,8B,2014-07-19,20,time_d,4,frac_inf,0.05246859,0.044254777,0.042359337,,,,,
ecm,timeseries_inf,2,8B,2014-07-19,20,time_d,6,frac_inf,0.056958789,0.051774866,0.072359551,,,,,
ecm,timeseries_inf,2,8B,2014-07-19,20,time_d,2,dead_frac_of_inf,0.038961039,0.046728972,0.018867925,,,,,
ecm,timeseries_inf,2,8B,2014-07-19,20,time_d,4,dead_frac_of_inf,0.276800771,0.23734683,0.206276446,,,,,
ecm,timeseries_inf,2,8B,2014-07-19,20,time_d,6,dead_frac_of_inf,0.391382406,0.420695505,0.489795918,,,,,
ecm,timeseries_inf,3,43B,2015-07-15,50,time_d,2,count_tot,263500,264600,264000,,,,,
ecm,timeseries_inf,3,43B,2015-07-15,50,time_d,4,count_tot,258000,256250,266000,,,,,
ecm,timeseries_inf,3,43B,2015-07-15,50,time_d,6,count_tot,231000,240262.5,237187.5,,,,,
ecm,timeseries_inf,3,43B,2015-07-15,50,time_d,2,count_dead,65172.89569,48295.25959,47308.13156,,,,,
ecm,timeseries_inf,3,43B,2015-07-15,50,time_d,4,count_dead,107692.114,109541.1655,110773.0869,,,,,
ecm,timeseries_inf,3,43B,2015-07-15,50,time_d,6,count_dead,147595.8758,161734.3318,155336.7298,,,,,
ecm,timeseries_inf,3,43B,2015-07-15,50,time_d,2,frac_inf,0.000244276,0.001579023,0.000929574,,,,,
ecm,timeseries_inf,3,43B,2015-07-15,50,time_d,4,frac_inf,0.019073304,0.016898966,0.018421212,,,,,
ecm,timeseries_inf,3,43B,2015-07-15,50,time_d,6,frac_inf,0.023002938,0.021744162,0.03453127,,,,,
ecm,timeseries_inf,3,43B,2015-07-15,50,time_d,2,dead_frac_of_inf,0.052631579,0.098591549,0.095238095,,,,,
ecm,timeseries_inf,3,43B,2015-07-15,50,time_d,4,dead_frac_of_inf,0.508943782,0.476086957,0.46147541,,,,,
ecm,timeseries_inf,3,43B,2015-07-15,50,time_d,6,dead_frac_of_inf,0.446257738,0.532874139,0.591203704,,,,,
ecm,virus_decay,1,38A,2015-06-22,10,t_incub_d,0,count_tot,181569,,,,,,,
ecm,virus_decay,1,38A,2015-06-22,10,t_incub_d,1,count_tot,191475,,,,,,,
ecm,virus_decay,1,38A,2015-06-22,10,t_incub_d,2,count_tot,194700,,,,,,,
ecm,virus_decay,1,38A,2015-06-22,10,t_incub_d,3,count_tot,218000,,,,,,,
ecm,virus_decay,1,38A,2015-06-22,10,t_incub_d,4,count_tot,160962,,,,,,,
ecm,virus_decay,1,38A,2015-06-22,10,t_incub_d,0,count_dead,107569.7611,,,,,,,
ecm,virus_decay,1,38A,2015-06-22,10,t_incub_d,1,count_dead,108987.2337,,,,,,,
ecm,virus_decay,1,38A,2015-06-22,10,t_incub_d,2,count_dead,99191.80527,,,,,,,
ecm,virus_decay,1,38A,2015-06-22,10,t_incub_d,3,count_dead,112857.4232,,,,,,,
ecm,virus_decay,1,38A,2015-06-22,10,t_incub_d,4,count_dead,87627.06529,,,,,,,
ecm,virus_decay,1,38A,2015-06-22,10,t_incub_d,0,frac_inf,0.01074573,,,,,,,
ecm,virus_decay,1,38A,2015-06-22,10,t_incub_d,1,frac_inf,0.005493215,,,,,,,
ecm,virus_decay,1,38A,2015-06-22,10,t_incub_d,2,frac_inf,0.001290798,,,,,,,
ecm,virus_decay,1,38A,2015-06-22,10,t_incub_d,3,frac_inf,0.000129111,,,,,,,
ecm,virus_decay,1,38A,2015-06-22,10,t_incub_d,4,frac_inf,0,,,,,,,
ecm,virus_decay,1,38A,2015-06-22,10,t_incub_d,0,dead_frac_of_inf,0.459587956,,,,,,,
ecm,virus_decay,1,38A,2015-06-22,10,t_incub_d,1,dead_frac_of_inf,0.444078947,,,,,,,
ecm,virus_decay,1,38A,2015-06-22,10,t_incub_d,2,dead_frac_of_inf,0.271428571,,,,,,,
ecm,virus_decay,1,38A,2015-06-22,10,t_incub_d,3,dead_frac_of_inf,0.6,,,,,,,
ecm,virus_decay,1,38A,2015-06-22,10,t_incub_d,4,dead_frac_of_inf,,,,,,,,
ecm,virus_decay,2,32A,2015-06-22,10,t_incub_d,0,count_tot,237260,245525,245000,,,,,
ecm,virus_decay,2,32A,2015-06-22,10,t_incub_d,1,count_tot,248575,251875,244900,,,,,
ecm,virus_decay,2,32A,2015-06-22,10,t_incub_d,2,count_tot,256200,253500,254687,,,,,
ecm,virus_decay,2,32A,2015-06-22,10,t_incub_d,3,count_tot,269063,260000,260400,,,,,
ecm,virus_decay,2,32A,2015-06-22,10,t_incub_d,4,count_tot,268150,273763,278162,,,,,
ecm,virus_decay,2,32A,2015-06-22,10,t_incub_d,0,count_dead,77920.00258,76895.45336,79626.92895,,,,,
ecm,virus_decay,2,32A,2015-06-22,10,t_incub_d,1,count_dead,80671.85155,65952.58027,72067.73534,,,,,
ecm,virus_decay,2,32A,2015-06-22,10,t_incub_d,2,count_dead,68216.57931,60708.79423,65495.52091,,,,,
ecm,virus_decay,2,32A,2015-06-22,10,t_incub_d,3,count_dead,69883.60383,56509.00191,65805.14458,,,,,
ecm,virus_decay,2,32A,2015-06-22,10,t_incub_d,4,count_dead,75806.1758,58096.44215,66243.56533,,,,,
ecm,virus_decay,2,32A,2015-06-22,10,t_incub_d,0,frac_inf,0.008940079,0.020850971,0.018556651,,,,,
ecm,virus_decay,2,32A,2015-06-22,10,t_incub_d,1,frac_inf,0.005241257,0.008780396,0.008528858,,,,,
ecm,virus_decay,2,32A,2015-06-22,10,t_incub_d,2,frac_inf,7.40E-05,0.000148861,0.000142445,,,,,
ecm,virus_decay,2,32A,2015-06-22,10,t_incub_d,3,frac_inf,5.09E-05,8.48E-05,7.70E-05,,,,,
ecm,virus_decay,2,32A,2015-06-22,10,t_incub_d,4,frac_inf,0,0,0,,,,,
ecm,virus_decay,2,32A,2015-06-22,10,t_incub_d,0,dead_frac_of_inf,0.356487549,0.354408353,0.33616188,,,,,
ecm,virus_decay,2,32A,2015-06-22,10,t_incub_d,1,dead_frac_of_inf,0.370932755,0.360589812,0.364123159,,,,,
ecm,virus_decay,2,32A,2015-06-22,10,t_incub_d,2,dead_frac_of_inf,0.333333333,0.461538462,0.333333333,,,,,
ecm,virus_decay,2,32A,2015-06-22,10,t_incub_d,3,dead_frac_of_inf,0.25,0.142857143,0.375,,,,,
ecm,virus_decay,2,32A,2015-06-22,10,t_incub_d,4,dead_frac_of_inf,,,,,,,,
ecm,virus_dilution,1,36A,2015-06-01,NA,v_innoc,1.25,frac_live,0.356606498,0.345836538,,,,,,
ecm,virus_dilution,1,36A,2015-06-01,NA,v_innoc,2.5,frac_live,0.313866522,0.300367206,,,,,,
ecm,virus_dilution,1,36A,2015-06-01,NA,v_innoc,5,frac_live,0.343593837,0.337854922,,,,,,
ecm,virus_dilution,1,36A,2015-06-01,NA,v_innoc,10,frac_live,0.418494769,0.301695433,,,,,,
ecm,virus_dilution,1,36A,2015-06-01,NA,v_innoc,20,frac_live,0.223382991,0.232620195,,,,,,
ecm,virus_dilution,1,36A,2015-06-01,NA,v_innoc,40,frac_live,0.168712905,0.164714214,,,,,,
ecm,virus_dilution,1,36A,2015-06-01,NA,v_innoc,1.25,frac_inf,0.001227437,0.0009089,,,,,,
ecm,virus_dilution,1,36A,2015-06-01,NA,v_innoc,2.5,frac_inf,0.001368512,0.00180072,,,,,,
ecm,virus_dilution,1,36A,2015-06-01,NA,v_innoc,5,frac_inf,0.00329678,0.003075136,,,,,,
ecm,virus_dilution,1,36A,2015-06-01,NA,v_innoc,10,frac_inf,0.007467094,0.005040477,,,,,,
ecm,virus_dilution,1,36A,2015-06-01,NA,v_innoc,20,frac_inf,0.00644918,0.007768962,,,,,,
ecm,virus_dilution,1,36A,2015-06-01,NA,v_innoc,40,frac_inf,0.009813374,0.008350792,,,,,,
ecm,virus_dilution,1,36A,2015-06-01,NA,v_innoc,1.25,dead_frac_of_inf,0.588235294,0.5,,,,,,
ecm,virus_dilution,1,36A,2015-06-01,NA,v_innoc,2.5,dead_frac_of_inf,0.395348837,0.431372549,,,,,,
ecm,virus_dilution,1,36A,2015-06-01,NA,v_innoc,5,dead_frac_of_inf,0.494736842,0.544444444,,,,,,
ecm,virus_dilution,1,36A,2015-06-01,NA,v_innoc,10,dead_frac_of_inf,0.508474576,0.533333333,,,,,,
ecm,virus_dilution,1,36A,2015-06-01,NA,v_innoc,20,dead_frac_of_inf,0.438596491,0.583586626,,,,,,
ecm,virus_dilution,1,36A,2015-06-01,NA,v_innoc,40,dead_frac_of_inf,0.624454148,0.597173145,,,,,,
ecm,virus_dilution,2,40A,2015-06-01,NA,v_innoc,1.25,frac_live,0.53306561,0.560808149,0.504837157,,,,,
ecm,virus_dilution,2,40A,2015-06-01,NA,v_innoc,2.5,frac_live,0.519596572,0.475299401,0.478656962,,,,,
ecm,virus_dilution,2,40A,2015-06-01,NA,v_innoc,5,frac_live,0.455221359,0.531213255,0.450678651,,,,,
ecm,virus_dilution,2,40A,2015-06-01,NA,v_innoc,10,frac_live,0.452769027,0.419470046,0.461141822,,,,,
ecm,virus_dilution,2,40A,2015-06-01,NA,v_innoc,20,frac_live,0.345395514,0.39830244,0.35959034,,,,,
ecm,virus_dilution,2,40A,2015-06-01,NA,v_innoc,40,frac_live,0.259611096,0.292117315,0.274605745,,,,,
ecm,virus_dilution,2,40A,2015-06-01,NA,v_innoc,1.25,frac_inf,0.001721081,0.001632056,0.000911716,,,,,
ecm,virus_dilution,2,40A,2015-06-01,NA,v_innoc,2.5,frac_inf,0.003292224,0.006923653,0.003240197,,,,,
ecm,virus_dilution,2,40A,2015-06-01,NA,v_innoc,5,frac_inf,0.004528557,0.000106895,0.004130918,,,,,
ecm,virus_dilution,2,40A,2015-06-01,NA,v_innoc,10,frac_inf,0.00757887,0.008352535,0.006642821,,,,,
ecm,virus_dilution,2,40A,2015-06-01,NA,v_innoc,20,frac_inf,0.008854782,0.009611184,0.008344924,,,,,
ecm,virus_dilution,2,40A,2015-06-01,NA,v_innoc,40,frac_inf,0.010569976,0.014648089,0.011651647,,,,,
ecm,virus_dilution,2,40A,2015-06-01,NA,v_innoc,1.25,dead_frac_of_inf,0.303030303,0.448275862,0.055555556,,,,,
ecm,virus_dilution,2,40A,2015-06-01,NA,v_innoc,2.5,dead_frac_of_inf,0.428571429,0.418918919,0.420289855,,,,,
ecm,virus_dilution,2,40A,2015-06-01,NA,v_innoc,5,dead_frac_of_inf,0.492537313,0.5,0.417582418,,,,,
ecm,virus_dilution,2,40A,2015-06-01,NA,v_innoc,10,dead_frac_of_inf,0.355421687,0.496551724,0.384615385,,,,,
ecm,virus_dilution,2,40A,2015-06-01,NA,v_innoc,20,dead_frac_of_inf,0.433333333,0.461038961,0.398989899,,,,,
ecm,virus_dilution,2,40A,2015-06-01,NA,v_innoc,40,dead_frac_of_inf,0.535864979,0.596452328,0.564954683,,,,,
ecm,drugstopping_efav,1,UNK11,UNK,50,t_innoc_d,0,frac_live,0.893647395,0.902109248,,,,,,
ecm,drugstopping_efav,1,UNK11,UNK,50,t_innoc_d,0.5,frac_live,0.885896527,0.884744564,,,,,,
ecm,drugstopping_efav,1,UNK11,UNK,50,t_innoc_d,1,frac_live,0.837520938,0.828013891,,,,,,
ecm,drugstopping_efav,1,UNK11,UNK,50,t_innoc_d,2,frac_live,0.795993004,0.796623666,,,,,,
ecm,drugstopping_efav,1,UNK11,UNK,50,t_innoc_d,3,frac_live,0.758391291,0.756875189,,,,,,
ecm,drugstopping_efav,1,UNK11,UNK,50,t_innoc_d,4,frac_live,0.737221977,0.754375377,,,,,,
ecm,drugstopping_efav,1,UNK11,UNK,50,t_innoc_d,6,frac_live,0.772972973,0.776332094,,,,,,
ecm,drugstopping_efav,1,UNK11,UNK,50,t_innoc_d,0,frac_inf,0,0,,,,,,
ecm,drugstopping_efav,1,UNK11,UNK,50,t_innoc_d,0.5,frac_inf,0,0,,,,,,
ecm,drugstopping_efav,1,UNK11,UNK,50,t_innoc_d,1,frac_inf,0.001340034,0.001488341,,,,,,
ecm,drugstopping_efav,1,UNK11,UNK,50,t_innoc_d,2,frac_inf,0.037366831,0.037426342,,,,,,
ecm,drugstopping_efav,1,UNK11,UNK,50,t_innoc_d,3,frac_inf,0.128061687,0.117255969,,,,,,
ecm,drugstopping_efav,1,UNK11,UNK,50,t_innoc_d,4,frac_inf,0.142730888,0.142275196,,,,,,
ecm,drugstopping_efav,1,UNK11,UNK,50,t_innoc_d,6,frac_inf,0.145637066,0.131195787,,,,,,
ecm,drugstopping_efav,1,UNK11,UNK,50,t_innoc_d,0,dead_frac_of_inf,,,,,,,,
ecm,drugstopping_efav,1,UNK11,UNK,50,t_innoc_d,0.5,dead_frac_of_inf,,,,,,,,
ecm,drugstopping_efav,1,UNK11,UNK,50,t_innoc_d,1,dead_frac_of_inf,0.375,0.444444444,,,,,,
ecm,drugstopping_efav,1,UNK11,UNK,50,t_innoc_d,2,dead_frac_of_inf,0.446808511,0.404255319,,,,,,
ecm,drugstopping_efav,1,UNK11,UNK,50,t_innoc_d,3,dead_frac_of_inf,0.47579693,0.476804124,,,,,,
ecm,drugstopping_efav,1,UNK11,UNK,50,t_innoc_d,4,dead_frac_of_inf,0.42002064,0.422057264,,,,,,
ecm,drugstopping_efav,1,UNK11,UNK,50,t_innoc_d,6,dead_frac_of_inf,0.336161188,0.356552538,,,,,,
ecm,drugstopping_efav,2,UNK12,UNK,50,t_innoc_d,0,frac_live,0.759486107,0.79034761,,,,,,
ecm,drugstopping_efav,2,UNK12,UNK,50,t_innoc_d,1,frac_live,0.742296512,0.753850667,,,,,,
ecm,drugstopping_efav,2,UNK12,UNK,50,t_innoc_d,2,frac_live,0.726074011,0.74635993,,,,,,
ecm,drugstopping_efav,2,UNK12,UNK,50,t_innoc_d,3,frac_live,0.704353836,0.700616861,,,,,,
ecm,drugstopping_efav,2,UNK12,UNK,50,t_innoc_d,4,frac_live,0.719229146,0.707913272,,,,,,
ecm,drugstopping_efav,2,UNK12,UNK,50,t_innoc_d,5,frac_live,0.717643767,0.730747209,,,,,,
ecm,drugstopping_efav,2,UNK12,UNK,50,t_innoc_d,6,frac_live,0.719469644,0.717369971,,,,,,
ecm,drugstopping_efav,2,UNK12,UNK,50,t_innoc_d,0,frac_inf,0,0,,,,,,
ecm,drugstopping_efav,2,UNK12,UNK,50,t_innoc_d,1,frac_inf,0.000145349,0.000440076,,,,,,
ecm,drugstopping_efav,2,UNK12,UNK,50,t_innoc_d,2,frac_inf,0.0155962,0.018782761,,,,,,
ecm,drugstopping_efav,2,UNK12,UNK,50,t_innoc_d,3,frac_inf,0.025431928,0.032488005,,,,,,
ecm,drugstopping_efav,2,UNK12,UNK,50,t_innoc_d,4,frac_inf,0.041074694,0.035492335,,,,,,
ecm,drugstopping_efav,2,UNK12,UNK,50,t_innoc_d,5,frac_inf,0.04855184,0.04008016,,,,,,
ecm,drugstopping_efav,2,UNK12,UNK,50,t_innoc_d,6,frac_inf,0.042428472,0.043179588,,,,,,
ecm,drugstopping_efav,2,UNK12,UNK,50,t_innoc_d,0,dead_frac_of_inf,,,,,,,,
ecm,drugstopping_efav,2,UNK12,UNK,50,t_innoc_d,1,dead_frac_of_inf,1,0,,,,,,
ecm,drugstopping_efav,2,UNK12,UNK,50,t_innoc_d,2,dead_frac_of_inf,0.454545455,0.449612403,,,,,,
ecm,drugstopping_efav,2,UNK12,UNK,50,t_innoc_d,3,dead_frac_of_inf,0.39673913,0.47257384,,,,,,
ecm,drugstopping_efav,2,UNK12,UNK,50,t_innoc_d,4,dead_frac_of_inf,0.462328767,0.455252918,,,,,,
ecm,drugstopping_efav,2,UNK12,UNK,50,t_innoc_d,5,dead_frac_of_inf,0.446685879,0.389285714,,,,,,
ecm,drugstopping_efav,2,UNK12,UNK,50,t_innoc_d,6,dead_frac_of_inf,0.394736842,0.412337662,,,,,,
ecm,drugstopping_efav,3,UNK13,UNK,50,t_innoc_d,0,frac_live,0.781519065,0.783895706,,,,,,
ecm,drugstopping_efav,3,UNK13,UNK,50,t_innoc_d,1,frac_live,0.685894004,0.66890236,,,,,,
ecm,drugstopping_efav,3,UNK13,UNK,50,t_innoc_d,2,frac_live,0.619224324,0.571586024,,,,,,
ecm,drugstopping_efav,3,UNK13,UNK,50,t_innoc_d,3,frac_live,0.588484918,0.602722046,,,,,,
ecm,drugstopping_efav,3,UNK13,UNK,50,t_innoc_d,4,frac_live,0.571109872,0.522547227,,,,,,
ecm,drugstopping_efav,3,UNK13,UNK,50,t_innoc_d,5,frac_live,0.565789474,0.527537412,,,,,,
ecm,drugstopping_efav,3,UNK13,UNK,50,t_innoc_d,6,frac_live,0.528050778,0.484557245,,,,,,
ecm,drugstopping_efav,3,UNK13,UNK,50,t_innoc_d,0,frac_inf,0,0,,,,,,
ecm,drugstopping_efav,3,UNK13,UNK,50,t_innoc_d,1,frac_inf,0.002944325,0.005030311,,,,,,
ecm,drugstopping_efav,3,UNK13,UNK,50,t_innoc_d,2,frac_inf,0.093847259,0.101399758,,,,,,
ecm,drugstopping_efav,3,UNK13,UNK,50,t_innoc_d,3,frac_inf,0.122720495,0.11427901,,,,,,
ecm,drugstopping_efav,3,UNK13,UNK,50,t_innoc_d,4,frac_inf,0.132961517,0.137009953,,,,,,
ecm,drugstopping_efav,3,UNK13,UNK,50,t_innoc_d,5,frac_inf,0.134841235,0.144049679,,,,,,
ecm,drugstopping_efav,3,UNK13,UNK,50,t_innoc_d,6,frac_inf,0.14486077,0.153121209,,,,,,
ecm,drugstopping_efav,3,UNK13,UNK,50,t_innoc_d,0,dead_frac_of_inf,,,,,,,,
ecm,drugstopping_efav,3,UNK13,UNK,50,t_innoc_d,1,dead_frac_of_inf,0.545454545,0.538461538,,,,,,
ecm,drugstopping_efav,3,UNK13,UNK,50,t_innoc_d,2,dead_frac_of_inf,0.674744898,0.741304348,,,,,,
ecm,drugstopping_efav,3,UNK13,UNK,50,t_innoc_d,3,dead_frac_of_inf,0.668224299,0.689938398,,,,,,
ecm,drugstopping_efav,3,UNK13,UNK,50,t_innoc_d,4,dead_frac_of_inf,0.690436242,0.689399555,,,,,,
ecm,drugstopping_efav,3,UNK13,UNK,50,t_innoc_d,5,dead_frac_of_inf,0.672580645,0.683392226,,,,,,
ecm,drugstopping_efav,3,UNK13,UNK,50,t_innoc_d,6,dead_frac_of_inf,0.686219081,0.689213894,,,,,,
ecm,drugstopping_ralt,1,UNK14,UNK,50,t_innoc_d,0,frac_live,0.531335703,0.579088772,,,,,,
ecm,drugstopping_ralt,1,UNK14,UNK,50,t_innoc_d,1,frac_live,0.570718531,0.536515415,,,,,,
ecm,drugstopping_ralt,1,UNK14,UNK,50,t_innoc_d,2,frac_live,0.53099897,0.559191021,,,,,,
ecm,drugstopping_ralt,1,UNK14,UNK,50,t_innoc_d,3,frac_live,0.551209634,0.499138426,,,,,,
ecm,drugstopping_ralt,1,UNK14,UNK,50,t_innoc_d,4,frac_live,0.545700042,0.613574554,,,,,,
ecm,drugstopping_ralt,1,UNK14,UNK,50,t_innoc_d,5,frac_live,0.540927763,0.534334111,,,,,,
ecm,drugstopping_ralt,1,UNK14,UNK,50,t_innoc_d,6,frac_live,0.512334333,0.4338169,,,,,,
ecm,drugstopping_ralt,1,UNK14,UNK,50,t_innoc_d,0,frac_inf,0.000203149,0.000335833,,,,,,
ecm,drugstopping_ralt,1,UNK14,UNK,50,t_innoc_d,1,frac_inf,0.000864398,0.002355833,,,,,,
ecm,drugstopping_ralt,1,UNK14,UNK,50,t_innoc_d,2,frac_inf,0.081668383,0.087886489,,,,,,
ecm,drugstopping_ralt,1,UNK14,UNK,50,t_innoc_d,3,frac_inf,0.139933923,0.169921501,,,,,,
ecm,drugstopping_ralt,1,UNK14,UNK,50,t_innoc_d,4,frac_inf,0.156938097,0.168144732,,,,,,
ecm,drugstopping_ralt,1,UNK14,UNK,50,t_innoc_d,5,frac_inf,0.198777678,0.203164621,,,,,,
ecm,drugstopping_ralt,1,UNK14,UNK,50,t_innoc_d,6,frac_inf,0.21021573,0.213261208,,,,,,
ecm,drugstopping_ralt,1,UNK14,UNK,50,t_innoc_d,0,dead_frac_of_inf,0,0,,,,,,
ecm,drugstopping_ralt,1,UNK14,UNK,50,t_innoc_d,1,dead_frac_of_inf,0.375,0.391304348,,,,,,
ecm,drugstopping_ralt,1,UNK14,UNK,50,t_innoc_d,2,dead_frac_of_inf,0.615384615,0.660240964,,,,,,
ecm,drugstopping_ralt,1,UNK14,UNK,50,t_innoc_d,3,dead_frac_of_inf,0.507996954,0.548169014,,,,,,
ecm,drugstopping_ralt,1,UNK14,UNK,50,t_innoc_d,4,dead_frac_of_inf,0.535407015,0.406469761,,,,,,
ecm,drugstopping_ralt,1,UNK14,UNK,50,t_innoc_d,5,dead_frac_of_inf,0.506048387,0.470793809,,,,,,
ecm,drugstopping_ralt,1,UNK14,UNK,50,t_innoc_d,6,dead_frac_of_inf,0.558674643,0.617217525,,,,,,
ecm,drugstopping_ralt,2,UNK15,UNK,50,t_innoc_d,0,frac_live,0.765557379,0.781511327,,,,,,
ecm,drugstopping_ralt,2,UNK15,UNK,50,t_innoc_d,1,frac_live,0.795605756,0.778801148,,,,,,
ecm,drugstopping_ralt,2,UNK15,UNK,50,t_innoc_d,2,frac_live,0.78125,0.78458498,,,,,,
ecm,drugstopping_ralt,2,UNK15,UNK,50,t_innoc_d,3,frac_live,0.772556673,0.784319707,,,,,,
ecm,drugstopping_ralt,2,UNK15,UNK,50,t_innoc_d,4,frac_live,0.787822878,0.772912577,,,,,,
ecm,drugstopping_ralt,2,UNK15,UNK,50,t_innoc_d,5,frac_live,0.782965779,0.784481442,,,,,,
ecm,drugstopping_ralt,2,UNK15,UNK,50,t_innoc_d,6,frac_live,0.78,0.792464484,,,,,,
ecm,drugstopping_ralt,2,UNK15,UNK,50,t_innoc_d,0,frac_inf,0,0,,,,,,
ecm,drugstopping_ralt,2,UNK15,UNK,50,t_innoc_d,1,frac_inf,0,0.000150989,,,,,,
ecm,drugstopping_ralt,2,UNK15,UNK,50,t_innoc_d,2,frac_inf,0.015625,0.014290058,,,,,,
ecm,drugstopping_ralt,2,UNK15,UNK,50,t_innoc_d,3,frac_inf,0.033778712,0.034167175,,,,,,
ecm,drugstopping_ralt,2,UNK15,UNK,50,t_innoc_d,4,frac_inf,0.040590406,0.046353616,,,,,,
ecm,drugstopping_ralt,2,UNK15,UNK,50,t_innoc_d,5,frac_inf,0.051254753,0.048877348,,,,,,
ecm,drugstopping_ralt,2,UNK15,UNK,50,t_innoc_d,6,frac_inf,0.051060606,0.042927733,,,,,,
ecm,drugstopping_ralt,2,UNK15,UNK,50,t_innoc_d,0,dead_frac_of_inf,,,,,,,,
ecm,drugstopping_ralt,2,UNK15,UNK,50,t_innoc_d,1,dead_frac_of_inf,,0,,,,,,
ecm,drugstopping_ralt,2,UNK15,UNK,50,t_innoc_d,2,dead_frac_of_inf,0.281553398,0.393617021,,,,,,
ecm,drugstopping_ralt,2,UNK15,UNK,50,t_innoc_d,3,dead_frac_of_inf,0.266666667,0.415178571,,,,,,
ecm,drugstopping_ralt,2,UNK15,UNK,50,t_innoc_d,4,dead_frac_of_inf,0.295454545,0.315960912,,,,,,
ecm,drugstopping_ralt,2,UNK15,UNK,50,t_innoc_d,5,dead_frac_of_inf,0.258160237,0.309375,,,,,,
ecm,drugstopping_ralt,2,UNK15,UNK,50,t_innoc_d,6,dead_frac_of_inf,0.329376855,0.323741007,,,,,,
ecp,timeseries_uninf,1,43A,2014-07-19,0,time_d,2,count_tot,252300,255750,265350,,,,,
ecp,timeseries_uninf,1,43A,2014-07-19,0,time_d,4,count_tot,236500,251625,255175,,,,,
ecp,timeseries_uninf,1,43A,2014-07-19,0,time_d,6,count_tot,238400,232500,238600,,,,,
ecp,timeseries_uninf,1,43A,2014-07-19,0,time_d,2,count_dead,15239.51873,14172.6054,14019.9322,,,,,
ecp,timeseries_uninf,1,43A,2014-07-19,0,time_d,4,count_dead,33878.663,42566.05732,42940.56541,,,,,
ecp,timeseries_uninf,1,43A,2014-07-19,0,time_d,6,count_dead,68372.0948,58823.57413,49129.94772,,,,,
ecp,timeseries_uninf,1,43A,2014-07-19,0,time_d,2,frac_inf,0,0,0,,,,,
ecp,timeseries_uninf,1,43A,2014-07-19,0,time_d,4,frac_inf,0,1.16E-05,0,,,,,
ecp,timeseries_uninf,1,43A,2014-07-19,0,time_d,6,frac_inf,8.69E-06,8.45E-06,0,,,,,
ecp,timeseries_uninf,1,43A,2014-07-19,0,time_d,2,dead_frac_of_inf,,,,,,,,
ecp,timeseries_uninf,1,43A,2014-07-19,0,time_d,4,dead_frac_of_inf,,1,,,,,,
ecp,timeseries_uninf,1,43A,2014-07-19,0,time_d,6,dead_frac_of_inf,0,1,,,,,,
ecp,timeseries_uninf,2,8B,2014-07-19,0,time_d,2,count_tot,209138,216050,211138,,,,,
ecp,timeseries_uninf,2,8B,2014-07-19,0,time_d,4,count_tot,203287.5,208600,207700,,,,,
ecp,timeseries_uninf,2,8B,2014-07-19,0,time_d,6,count_tot,250000,248713,233700,,,,,
ecp,timeseries_uninf,2,8B,2014-07-19,0,time_d,2,count_dead,28758.35896,18633.36005,18782.12416,,,,,
ecp,timeseries_uninf,2,8B,2014-07-19,0,time_d,4,count_dead,26460.41955,28129.03591,29601.16836,,,,,
ecp,timeseries_uninf,2,8B,2014-07-19,0,time_d,6,count_dead,56556.26921,48279.41392,42785.80471,,,,,
ecp,timeseries_uninf,2,8B,2014-07-19,0,time_d,2,frac_inf,3.73E-05,0,0,,,,,
ecp,timeseries_uninf,2,8B,2014-07-19,0,time_d,4,frac_inf,0,0,0,,,,,
ecp,timeseries_uninf,2,8B,2014-07-19,0,time_d,6,frac_inf,8.37E-05,0,0,,,,,
ecp,timeseries_uninf,2,8B,2014-07-19,0,time_d,2,dead_frac_of_inf,0.333333333,,,,,,,
ecp,timeseries_uninf,2,8B,2014-07-19,0,time_d,4,dead_frac_of_inf,,,,,,,,
ecp,timeseries_uninf,2,8B,2014-07-19,0,time_d,6,dead_frac_of_inf,0.571428571,,,,,,,
ecp,timeseries_uninf,3,43B,2015-07-15,0,time_d,2,count_tot,271687.5,271250,279825,,,,,
ecp,timeseries_uninf,3,43B,2015-07-15,0,time_d,4,count_tot,266200,265987.5,265350,,,,,
ecp,timeseries_uninf,3,43B,2015-07-15,0,time_d,6,count_tot,255150,256200,252000,,,,,
ecp,timeseries_uninf,3,43B,2015-07-15,0,time_d,2,count_dead,43635.55921,24667.76081,26703.62348,,,,,
ecp,timeseries_uninf,3,43B,2015-07-15,0,time_d,4,count_dead,40050.88874,41376.70363,44575.79093,,,,,
ecp,timeseries_uninf,3,43B,2015-07-15,0,time_d,6,count_dead,56857.94546,58567.60087,41374.40589,,,,,
ecp,timeseries_uninf,3,43B,2015-07-15,0,time_d,2,frac_inf,1.20E-05,0,0,,,,,
ecp,timeseries_uninf,3,43B,2015-07-15,0,time_d,4,frac_inf,1.98E-05,6.40E-06,0,,,,,
ecp,timeseries_uninf,3,43B,2015-07-15,0,time_d,6,frac_inf,3.80E-05,9.98E-06,9.94E-06,,,,,
ecp,timeseries_uninf,3,43B,2015-07-15,0,time_d,2,dead_frac_of_inf,0,,,,,,,
ecp,timeseries_uninf,3,43B,2015-07-15,0,time_d,4,dead_frac_of_inf,0,1,,,,,,
ecp,timeseries_uninf,3,43B,2015-07-15,0,time_d,6,dead_frac_of_inf,0.75,0,0,,,,,
ecp,timeseries_inf,1,43A,2014-07-19,20,time_d,2,count_tot,276200,267750,263062,,,,,
ecp,timeseries_inf,1,43A,2014-07-19,20,time_d,4,count_tot,245700,237800,230100,,,,,
ecp,timeseries_inf,1,43A,2014-07-19,20,time_d,6,count_tot,220000,226800,222800,,,,,
ecp,timeseries_inf,1,43A,2014-07-19,20,time_d,2,count_dead,18516.64206,14852.51848,18561.73682,,,,,
ecp,timeseries_inf,1,43A,2014-07-19,20,time_d,4,count_dead,50414.33828,54561.05024,52522.57529,,,,,
ecp,timeseries_inf,1,43A,2014-07-19,20,time_d,6,count_dead,109739.7273,104210.0465,82711.81147,,,,,
ecp,timeseries_inf,1,43A,2014-07-19,20,time_d,2,frac_inf,0.000238138,0.000540427,0.000547724,,,,,
ecp,timeseries_inf,1,43A,2014-07-19,20,time_d,4,frac_inf,0.04129525,0.040680163,0.038617094,,,,,
ecp,timeseries_inf,1,43A,2014-07-19,20,time_d,6,frac_inf,0.037213606,0.035486874,0.044194732,,,,,
ecp,timeseries_inf,1,43A,2014-07-19,20,time_d,2,dead_frac_of_inf,0,0.016949153,0.01754386,,,,,
ecp,timeseries_inf,1,43A,2014-07-19,20,time_d,4,dead_frac_of_inf,0.233619106,0.233628319,0.208597807,,,,,
ecp,timeseries_inf,1,43A,2014-07-19,20,time_d,6,dead_frac_of_inf,0.458923513,0.456803078,0.469977761,,,,,
ecp,timeseries_inf,2,8B,2014-07-19,20,time_d,2,count_tot,192188,219200,267000,,,,,
ecp,timeseries_inf,2,8B,2014-07-19,20,time_d,4,count_tot,154700,159300,161000,,,,,
ecp,timeseries_inf,2,8B,2014-07-19,20,time_d,6,count_tot,176400,171938,183938,,,,,
ecp,timeseries_inf,2,8B,2014-07-19,20,time_d,2,count_dead,25197.36642,26499.05785,33564.10162,,,,,
ecp,timeseries_inf,2,8B,2014-07-19,20,time_d,4,count_dead,48848.04283,45240.60447,45747.73682,,,,,
ecp,timeseries_inf,2,8B,2014-07-19,20,time_d,6,count_dead,90504.80139,91373.62342,98861.24854,,,,,
ecp,timeseries_inf,2,8B,2014-07-19,20,time_d,2,frac_inf,0.012787463,0.031774072,0.019837027,,,,,
ecp,timeseries_inf,2,8B,2014-07-19,20,time_d,4,frac_inf,0.198176043,0.200926359,0.195866345,,,,,
ecp,timeseries_inf,2,8B,2014-07-19,20,time_d,6,frac_inf,0.228870271,0.214952921,0.231792309,,,,,
ecp,timeseries_inf,2,8B,2014-07-19,20,time_d,2,dead_frac_of_inf,0.01594533,0.022238695,0.024163569,,,,,
ecp,timeseries_inf,2,8B,2014-07-19,20,time_d,4,dead_frac_of_inf,0.301620131,0.213420891,0.224410834,,,,,
ecp,timeseries_inf,2,8B,2014-07-19,20,time_d,6,dead_frac_of_inf,0.483238124,0.469946623,0.569896981,,,,,
ecp,timeseries_inf,3,43B,2015-07-15,50,time_d,2,count_tot,261000,268550,263500,,,,,
ecp,timeseries_inf,3,43B,2015-07-15,50,time_d,4,count_tot,240712.5,252650,250825,,,,,
ecp,timeseries_inf,3,43B,2015-07-15,50,time_d,6,count_tot,223600,235125,236537.5,,,,,
ecp,timeseries_inf,3,43B,2015-07-15,50,time_d,2,count_dead,66421.98118,59242.36541,60776.59393,,,,,
ecp,timeseries_inf,3,43B,2015-07-15,50,time_d,4,count_dead,130366.9182,142806.7093,136907.1321,,,,,
ecp,timeseries_inf,3,43B,2015-07-15,50,time_d,6,count_dead,163268.2612,182215.2429,178289.2126,,,,,
ecp,timeseries_inf,3,43B,2015-07-15,50,time_d,2,frac_inf,0.008145903,0.013085144,0.012342312,,,,,
ecp,timeseries_inf,3,43B,2015-07-15,50,time_d,4,frac_inf,0.106349988,0.08826145,0.089258328,,,,,
ecp,timeseries_inf,3,43B,2015-07-15,50,time_d,6,frac_inf,0.10781152,0.116309844,0.110395363,,,,,
ecp,timeseries_inf,3,43B,2015-07-15,50,time_d,2,dead_frac_of_inf,0.080939948,0.115977291,0.122467772,,,,,
ecp,timeseries_inf,3,43B,2015-07-15,50,time_d,4,dead_frac_of_inf,0.449019801,0.442605254,0.424770314,,,,,
ecp,timeseries_inf,3,43B,2015-07-15,50,time_d,6,dead_frac_of_inf,0.613072982,0.681796407,0.672818984,,,,,
ecp,virus_decay,1,38A,2015-06-22,10,t_incub_d,0,count_tot,231075,231070,232275,,,,,
ecp,virus_decay,1,38A,2015-06-22,10,t_incub_d,1,count_tot,236775,227700,238700,,,,,
ecp,virus_decay,1,38A,2015-06-22,10,t_incub_d,2,count_tot,240125,242900,239250,,,,,
ecp,virus_decay,1,38A,2015-06-22,10,t_incub_d,3,count_tot,258000,275100,250125,,,,,
ecp,virus_decay,1,38A,2015-06-22,10,t_incub_d,4,count_tot,252525,276000,260775,,,,,
ecp,virus_decay,1,38A,2015-06-22,10,t_incub_d,0,count_dead,125824.3719,124694.2804,126043.4924,,,,,
ecp,virus_decay,1,38A,2015-06-22,10,t_incub_d,1,count_dead,118082.6227,112517.3597,106770.0605,,,,,
ecp,virus_decay,1,38A,2015-06-22,10,t_incub_d,2,count_dead,107549.0286,95986.75556,106136.7688,,,,,
ecp,virus_decay,1,38A,2015-06-22,10,t_incub_d,3,count_dead,119592.7977,103762.5178,103720.1389,,,,,
ecp,virus_decay,1,38A,2015-06-22,10,t_incub_d,4,count_dead,129023.3793,116910.4283,116822.834,,,,,
ecp,virus_decay,1,38A,2015-06-22,10,t_incub_d,0,frac_inf,0.032867328,0.050619981,0.039519557,,,,,
ecp,virus_decay,1,38A,2015-06-22,10,t_incub_d,1,frac_inf,0.019786892,0.024458007,0.022172606,,,,,
ecp,virus_decay,1,38A,2015-06-22,10,t_incub_d,2,frac_inf,0.004917244,0.007290995,0.007607464,,,,,
ecp,virus_decay,1,38A,2015-06-22,10,t_incub_d,3,frac_inf,0.000468463,0.000529083,0.001288074,,,,,
ecp,virus_decay,1,38A,2015-06-22,10,t_incub_d,4,frac_inf,1.07E-05,1.08E-05,3.43E-05,,,,,
ecp,virus_decay,1,38A,2015-06-22,10,t_incub_d,0,dead_frac_of_inf,0.575302189,0.65027909,0.587311178,,,,,
ecp,virus_decay,1,38A,2015-06-22,10,t_incub_d,1,dead_frac_of_inf,0.552835821,0.602420857,0.560535506,,,,,
ecp,virus_decay,1,38A,2015-06-22,10,t_incub_d,2,dead_frac_of_inf,0.368085106,0.402282454,0.408554572,,,,,
ecp,virus_decay,1,38A,2015-06-22,10,t_incub_d,3,dead_frac_of_inf,0.102564103,0.208333333,0.218487395,,,,,
ecp,virus_decay,1,38A,2015-06-22,10,t_incub_d,4,dead_frac_of_inf,1,0,0.333333333,,,,,
ecp,virus_decay,2,32A,2015-06-22,10,t_incub_d,0,count_tot,227125,232500,234850,,,,,
ecp,virus_decay,2,32A,2015-06-22,10,t_incub_d,1,count_tot,245437,248000,245250,,,,,
ecp,virus_decay,2,32A,2015-06-22,10,t_incub_d,2,count_tot,253500,245100,255938,,,,,
ecp,virus_decay,2,32A,2015-06-22,10,t_incub_d,3,count_tot,264775,268750,268400,,,,,
ecp,virus_decay,2,32A,2015-06-22,10,t_incub_d,4,count_tot,270250,279775,271500,,,,,
ecp,virus_decay,2,32A,2015-06-22,10,t_incub_d,0,count_dead,88516.37951,94744.23849,94401.51503,,,,,
ecp,virus_decay,2,32A,2015-06-22,10,t_incub_d,1,count_dead,78832.93299,77197.69789,77520.28737,,,,,
ecp,virus_decay,2,32A,2015-06-22,10,t_incub_d,2,count_dead,64806.01935,56300.67205,64451.05291,,,,,
ecp,virus_decay,2,32A,2015-06-22,10,t_incub_d,3,count_dead,68210.72568,61364.15869,59814.74037,,,,,
ecp,virus_decay,2,32A,2015-06-22,10,t_incub_d,4,count_dead,64240.05432,60498.08278,61797.67946,,,,,
ecp,virus_decay,2,32A,2015-06-22,10,t_incub_d,0,frac_inf,0.045480676,0.074488359,0.068591013,,,,,
ecp,virus_decay,2,32A,2015-06-22,10,t_incub_d,1,frac_inf,0.029435733,0.038314707,0.036233741,,,,,
ecp,virus_decay,2,32A,2015-06-22,10,t_incub_d,2,frac_inf,0.001308555,0.001860335,0.001931123,,,,,
ecp,virus_decay,2,32A,2015-06-22,10,t_incub_d,3,frac_inf,0.000594775,0.000938455,0.001033305,,,,,
ecp,virus_decay,2,32A,2015-06-22,10,t_incub_d,4,frac_inf,8.34E-05,5.69E-05,2.35E-05,,,,,
ecp,virus_decay,2,32A,2015-06-22,10,t_incub_d,0,dead_frac_of_inf,0.468886728,0.553472112,0.536340039,,,,,
ecp,virus_decay,2,32A,2015-06-22,10,t_incub_d,1,dead_frac_of_inf,0.462775907,0.517459362,0.478927203,,,,,
ecp,virus_decay,2,32A,2015-06-22,10,t_incub_d,2,dead_frac_of_inf,0.279069767,0.31875,0.344827586,,,,,
ecp,virus_decay,2,32A,2015-06-22,10,t_incub_d,3,dead_frac_of_inf,0.288461538,0.316326531,0.273684211,,,,,
ecp,virus_decay,2,32A,2015-06-22,10,t_incub_d,4,dead_frac_of_inf,0.375,0.4,0,,,,,
ecp,virus_dilution,1,36A,2015-06-01,NA,v_innoc,1.25,frac_live,0.375362701,0.471474602,,,,,,
ecp,virus_dilution,1,36A,2015-06-01,NA,v_innoc,2.5,frac_live,0.405034418,0.470624409,,,,,,
ecp,virus_dilution,1,36A,2015-06-01,NA,v_innoc,5,frac_live,0.446638986,0.305713487,,,,,,
ecp,virus_dilution,1,36A,2015-06-01,NA,v_innoc,10,frac_live,0.368741417,0.398594095,,,,,,
ecp,virus_dilution,1,36A,2015-06-01,NA,v_innoc,20,frac_live,0.31661462,0.297146625,,,,,,
ecp,virus_dilution,1,36A,2015-06-01,NA,v_innoc,40,frac_live,0.192996247,0.188113292,,,,,,
ecp,virus_dilution,1,36A,2015-06-01,NA,v_innoc,1.25,frac_inf,0.007197498,0.000473844,,,,,,
ecp,virus_dilution,1,36A,2015-06-01,NA,v_innoc,2.5,frac_inf,0.012219462,0.014853359,,,,,,
ecp,virus_dilution,1,36A,2015-06-01,NA,v_innoc,5,frac_inf,0.014925373,0.01118464,,,,,,
ecp,virus_dilution,1,36A,2015-06-01,NA,v_innoc,10,frac_inf,0.022677504,0.018598112,,,,,,
ecp,virus_dilution,1,36A,2015-06-01,NA,v_innoc,20,frac_inf,0.02826461,0.026105982,,,,,,
ecp,virus_dilution,1,36A,2015-06-01,NA,v_innoc,40,frac_inf,0.034311317,0.022970562,,,,,,
ecp,virus_dilution,1,36A,2015-06-01,NA,v_innoc,1.25,dead_frac_of_inf,0.434554974,0,,,,,,
ecp,virus_dilution,1,36A,2015-06-01,NA,v_innoc,2.5,dead_frac_of_inf,0.6,0.563694268,,,,,,
ecp,virus_dilution,1,36A,2015-06-01,NA,v_innoc,5,dead_frac_of_inf,0.533834586,0.616666667,,,,,,
ecp,virus_dilution,1,36A,2015-06-01,NA,v_innoc,10,dead_frac_of_inf,0.628477905,0.64362851,,,,,,
ecp,virus_dilution,1,36A,2015-06-01,NA,v_innoc,20,dead_frac_of_inf,0.666290868,0.676234214,,,,,,
ecp,virus_dilution,1,36A,2015-06-01,NA,v_innoc,40,dead_frac_of_inf,0.738258877,0.59223301,,,,,,
ecp,virus_dilution,2,40A,2015-06-01,NA,v_innoc,1.25,frac_live,0.589216098,0.601835532,0.468110599,,,,,
ecp,virus_dilution,2,40A,2015-06-01,NA,v_innoc,2.5,frac_live,0.538156752,0.493638077,0.444936813,,,,,
ecp,virus_dilution,2,40A,2015-06-01,NA,v_innoc,5,frac_live,0.455355485,0.494281452,0.473516568,,,,,
ecp,virus_dilution,2,40A,2015-06-01,NA,v_innoc,10,frac_live,0.380305796,0.428459581,0.42486712,,,,,
ecp,virus_dilution,2,40A,2015-06-01,NA,v_innoc,20,frac_live,0.299929128,0.345782057,0.355105105,,,,,
ecp,virus_dilution,2,40A,2015-06-01,NA,v_innoc,40,frac_live,0.228390517,0.230058499,0.215665156,,,,,
ecp,virus_dilution,2,40A,2015-06-01,NA,v_innoc,1.25,frac_inf,0.0128951,0.013067526,0.011705069,,,,,
ecp,virus_dilution,2,40A,2015-06-01,NA,v_innoc,2.5,frac_inf,0.025021711,0.029139177,0.031511571,,,,,
ecp,virus_dilution,2,40A,2015-06-01,NA,v_innoc,5,frac_inf,0.035455727,0.033515664,0.036218854,,,,,
ecp,virus_dilution,2,40A,2015-06-01,NA,v_innoc,10,frac_inf,0.046953446,0.041006068,0.038795887,,,,,
ecp,virus_dilution,2,40A,2015-06-01,NA,v_innoc,20,frac_inf,0.050106308,0.057766218,0.044723295,,,,,
ecp,virus_dilution,2,40A,2015-06-01,NA,v_innoc,40,frac_inf,0.054557503,0.05899076,0.058345094,,,,,
ecp,virus_dilution,2,40A,2015-06-01,NA,v_innoc,1.25,dead_frac_of_inf,0.404651163,0.376744186,0.362204724,,,,,
ecp,virus_dilution,2,40A,2015-06-01,NA,v_innoc,2.5,dead_frac_of_inf,0.492407809,0.498652291,0.489583333,,,,,
ecp,virus_dilution,2,40A,2015-06-01,NA,v_innoc,5,dead_frac_of_inf,0.573298429,0.575667656,0.557446809,,,,,
ecp,virus_dilution,2,40A,2015-06-01,NA,v_innoc,10,dead_frac_of_inf,0.660996355,0.590692124,0.623559539,,,,,
ecp,virus_dilution,2,40A,2015-06-01,NA,v_innoc,20,dead_frac_of_inf,0.657708628,0.659946237,0.64108713,,,,,
ecp,virus_dilution,2,40A,2015-06-01,NA,v_innoc,40,dead_frac_of_inf,0.668016194,0.658016682,0.702100573,,,,,
ecp,drugstopping_efav,1,UNK16,UNK,50,t_innoc_d,0,frac_live,0.680408163,0.814308943,,,,,,
ecp,drugstopping_efav,1,UNK16,UNK,50,t_innoc_d,0.5,frac_live,0.779494382,0.812378168,,,,,,
ecp,drugstopping_efav,1,UNK16,UNK,50,t_innoc_d,1,frac_live,0.665867945,0.692776086,,,,,,
ecp,drugstopping_efav,1,UNK16,UNK,50,t_innoc_d,2,frac_live,0.625281602,0.634239268,,,,,,
ecp,drugstopping_efav,1,UNK16,UNK,50,t_innoc_d,3,frac_live,0.599227426,0.607239264,,,,,,
ecp,drugstopping_efav,1,UNK16,UNK,50,t_innoc_d,4,frac_live,0.601017442,0.600193611,,,,,,
ecp,drugstopping_efav,1,UNK16,UNK,50,t_innoc_d,6,frac_live,0.592062925,0.615852146,,,,,,
ecp,drugstopping_efav,1,UNK16,UNK,50,t_innoc_d,0,frac_inf,0.002857143,0,,,,,,
ecp,drugstopping_efav,1,UNK16,UNK,50,t_innoc_d,0.5,frac_inf,0.000156055,0.000162443,,,,,,
ecp,drugstopping_efav,1,UNK16,UNK,50,t_innoc_d,1,frac_inf,0.002396166,0.001383892,,,,,,
ecp,drugstopping_efav,1,UNK16,UNK,50,t_innoc_d,2,frac_inf,0.047058824,0.038481077,,,,,,
ecp,drugstopping_efav,1,UNK16,UNK,50,t_innoc_d,3,frac_inf,0.143167552,0.145766871,,,,,,
ecp,drugstopping_efav,1,UNK16,UNK,50,t_innoc_d,4,frac_inf,0.172722868,0.175822846,,,,,,
ecp,drugstopping_efav,1,UNK16,UNK,50,t_innoc_d,6,frac_inf,0.171612442,0.177375341,,,,,,
ecp,drugstopping_efav,1,UNK16,UNK,50,t_innoc_d,0,dead_frac_of_inf,0.476190476,,,,,,,
ecp,drugstopping_efav,1,UNK16,UNK,50,t_innoc_d,0.5,dead_frac_of_inf,0,0,,,,,,
ecp,drugstopping_efav,1,UNK16,UNK,50,t_innoc_d,1,dead_frac_of_inf,0.5,0.7,,,,,,
ecp,drugstopping_efav,1,UNK16,UNK,50,t_innoc_d,2,dead_frac_of_inf,0.571808511,0.607260726,,,,,,
ecp,drugstopping_efav,1,UNK16,UNK,50,t_innoc_d,3,dead_frac_of_inf,0.574198988,0.588383838,,,,,,
ecp,drugstopping_efav,1,UNK16,UNK,50,t_innoc_d,4,dead_frac_of_inf,0.586255259,0.560220234,,,,,,
ecp,drugstopping_efav,1,UNK16,UNK,50,t_innoc_d,6,dead_frac_of_inf,0.55,0.544755245,,,,,,
ecp,drugstopping_efav,2,UNK17,UNK,50,t_innoc_d,0,frac_live,0.806235012,0.808809448,,,,,,
ecp,drugstopping_efav,2,UNK17,UNK,50,t_innoc_d,1,frac_live,0.676086377,0.693913755,,,,,,
ecp,drugstopping_efav,2,UNK17,UNK,50,t_innoc_d,2,frac_live,0.641925269,0.617811211,,,,,,
ecp,drugstopping_efav,2,UNK17,UNK,50,t_innoc_d,3,frac_live,0.63672956,0.627652973,,,,,,
ecp,drugstopping_efav,2,UNK17,UNK,50,t_innoc_d,4,frac_live,0.631005448,0.603544665,,,,,,
ecp,drugstopping_efav,2,UNK17,UNK,50,t_innoc_d,5,frac_live,0.623717636,0.620930233,,,,,,
ecp,drugstopping_efav,2,UNK17,UNK,50,t_innoc_d,6,frac_live,0.623655914,0.608721696,,,,,,
ecp,drugstopping_efav,2,UNK17,UNK,50,t_innoc_d,0,frac_inf,0,0,,,,,,
ecp,drugstopping_efav,2,UNK17,UNK,50,t_innoc_d,1,frac_inf,0.001466276,0.001091703,,,,,,
ecp,drugstopping_efav,2,UNK17,UNK,50,t_innoc_d,2,frac_inf,0.068524383,0.087600097,,,,,,
ecp,drugstopping_efav,2,UNK17,UNK,50,t_innoc_d,3,frac_inf,0.106666667,0.121509247,,,,,,
ecp,drugstopping_efav,2,UNK17,UNK,50,t_innoc_d,4,frac_inf,0.110450718,0.140121327,,,,,,
ecp,drugstopping_efav,2,UNK17,UNK,50,t_innoc_d,5,frac_inf,0.142525647,0.136597307,,,,,,
ecp,drugstopping_efav,2,UNK17,UNK,50,t_innoc_d,6,frac_inf,0.133553275,0.142446388,,,,,,
ecp,drugstopping_efav,2,UNK17,UNK,50,t_innoc_d,0,dead_frac_of_inf,,,,,,,,
ecp,drugstopping_efav,2,UNK17,UNK,50,t_innoc_d,1,dead_frac_of_inf,0.363636364,0.75,,,,,,
ecp,drugstopping_efav,2,UNK17,UNK,50,t_innoc_d,2,dead_frac_of_inf,0.521256932,0.583102493,,,,,,
ecp,drugstopping_efav,2,UNK17,UNK,50,t_innoc_d,3,dead_frac_of_inf,0.502358491,0.513789581,,,,,,
ecp,drugstopping_efav,2,UNK17,UNK,50,t_innoc_d,4,dead_frac_of_inf,0.532511211,0.531409168,,,,,,
ecp,drugstopping_efav,2,UNK17,UNK,50,t_innoc_d,5,dead_frac_of_inf,0.54327335,0.521505376,,,,,,
ecp,drugstopping_efav,2,UNK17,UNK,50,t_innoc_d,6,dead_frac_of_inf,0.49862763,0.52901598,,,,,,
ecp,drugstopping_efav,3,UNK18,UNK,50,t_innoc_d,0,frac_live,0.639040755,0.680079418,,,,,,
ecp,drugstopping_efav,3,UNK18,UNK,50,t_innoc_d,1,frac_live,0.410637961,0.449566724,,,,,,
ecp,drugstopping_efav,3,UNK18,UNK,50,t_innoc_d,2,frac_live,0.367535211,0.375171716,,,,,,
ecp,drugstopping_efav,3,UNK18,UNK,50,t_innoc_d,3,frac_live,0.334443875,0.359223976,,,,,,
ecp,drugstopping_efav,3,UNK18,UNK,50,t_innoc_d,4,frac_live,0.331893814,0.293623221,,,,,,
ecp,drugstopping_efav,3,UNK18,UNK,50,t_innoc_d,5,frac_live,0.371706555,0.29655328,,,,,,
ecp,drugstopping_efav,3,UNK18,UNK,50,t_innoc_d,6,frac_live,0.361044149,0.354412459,,,,,,
ecp,drugstopping_efav,3,UNK18,UNK,50,t_innoc_d,0,frac_inf,0.000248509,0,,,,,,
ecp,drugstopping_efav,3,UNK18,UNK,50,t_innoc_d,1,frac_inf,0.012031027,0.014211438,,,,,,
ecp,drugstopping_efav,3,UNK18,UNK,50,t_innoc_d,2,frac_inf,0.196408451,0.211626057,,,,,,
ecp,drugstopping_efav,3,UNK18,UNK,50,t_innoc_d,3,frac_inf,0.24115838,0.238300535,,,,,,
ecp,drugstopping_efav,3,UNK18,UNK,50,t_innoc_d,4,frac_inf,0.249587197,0.273786843,,,,,,
ecp,drugstopping_efav,3,UNK18,UNK,50,t_innoc_d,5,frac_inf,0.243377601,0.274158064,,,,,,
ecp,drugstopping_efav,3,UNK18,UNK,50,t_innoc_d,6,frac_inf,0.237137544,0.26481494,,,,,,
ecp,drugstopping_efav,3,UNK18,UNK,50,t_innoc_d,0,dead_frac_of_inf,0,,,,,,,
ecp,drugstopping_efav,3,UNK18,UNK,50,t_innoc_d,1,dead_frac_of_inf,0.736842105,0.695121951,,,,,,
ecp,drugstopping_efav,3,UNK18,UNK,50,t_innoc_d,2,dead_frac_of_inf,0.801362496,0.776221387,,,,,,
ecp,drugstopping_efav,3,UNK18,UNK,50,t_innoc_d,3,dead_frac_of_inf,0.780818278,0.789611905,,,,,,
ecp,drugstopping_efav,3,UNK18,UNK,50,t_innoc_d,4,dead_frac_of_inf,0.799745547,0.789602947,,,,,,
ecp,drugstopping_efav,3,UNK18,UNK,50,t_innoc_d,5,dead_frac_of_inf,0.75693026,0.815432099,,,,,,
ecp,drugstopping_efav,3,UNK18,UNK,50,t_innoc_d,6,dead_frac_of_inf,0.761835608,0.746435845,,,,,,
ecp,drugstopping_ralt,1,UNK19,UNK,50,t_innoc_d,0,frac_live,0.287553174,0.322199915,,,,,,
ecp,drugstopping_ralt,1,UNK19,UNK,50,t_innoc_d,1,frac_live,0.332639152,0.283193367,,,,,,
ecp,drugstopping_ralt,1,UNK19,UNK,50,t_innoc_d,2,frac_live,0.265107879,0.26427777,,,,,,
ecp,drugstopping_ralt,1,UNK19,UNK,50,t_innoc_d,3,frac_live,0.237056036,0.222180654,,,,,,
ecp,drugstopping_ralt,1,UNK19,UNK,50,t_innoc_d,4,frac_live,0.195497458,0.20270014,,,,,,
ecp,drugstopping_ralt,1,UNK19,UNK,50,t_innoc_d,5,frac_live,0.149038201,0.182777628,,,,,,
ecp,drugstopping_ralt,1,UNK19,UNK,50,t_innoc_d,6,frac_live,0.223104959,0.198326268,,,,,,
ecp,drugstopping_ralt,1,UNK19,UNK,50,t_innoc_d,0,frac_inf,0.00734766,0.009369106,,,,,,
ecp,drugstopping_ralt,1,UNK19,UNK,50,t_innoc_d,1,frac_inf,0.018553578,0.018709472,,,,,,
ecp,drugstopping_ralt,1,UNK19,UNK,50,t_innoc_d,2,frac_inf,0.320365127,0.335799603,,,,,,
ecp,drugstopping_ralt,1,UNK19,UNK,50,t_innoc_d,3,frac_inf,0.430161283,0.451136883,,,,,,
ecp,drugstopping_ralt,1,UNK19,UNK,50,t_innoc_d,4,frac_inf,0.431372549,0.437938488,,,,,,
ecp,drugstopping_ralt,1,UNK19,UNK,50,t_innoc_d,5,frac_inf,0.469683013,0.469716322,,,,,,
ecp,drugstopping_ralt,1,UNK19,UNK,50,t_innoc_d,6,frac_inf,0.443343298,0.455086976,,,,,,
ecp,drugstopping_ralt,1,UNK19,UNK,50,t_innoc_d,0,dead_frac_of_inf,0.233082707,0.24025974,,,,,,
ecp,drugstopping_ralt,1,UNK19,UNK,50,t_innoc_d,1,dead_frac_of_inf,0.43537415,0.517045455,,,,,,
ecp,drugstopping_ralt,1,UNK19,UNK,50,t_innoc_d,2,dead_frac_of_inf,0.798262989,0.802851382,,,,,,
ecp,drugstopping_ralt,1,UNK19,UNK,50,t_innoc_d,3,dead_frac_of_inf,0.793734209,0.812678522,,,,,,
ecp,drugstopping_ralt,1,UNK19,UNK,50,t_innoc_d,4,dead_frac_of_inf,0.834427609,0.816937998,,,,,,
ecp,drugstopping_ralt,1,UNK19,UNK,50,t_innoc_d,5,dead_frac_of_inf,0.873615598,0.838211091,,,,,,
ecp,drugstopping_ralt,1,UNK19,UNK,50,t_innoc_d,6,dead_frac_of_inf,0.805468317,0.838030997,,,,,,
ecp,drugstopping_ralt,2,UNK20,UNK,50,t_innoc_d,0,frac_live,0.666316204,0.690663058,,,,,,
ecp,drugstopping_ralt,2,UNK20,UNK,50,t_innoc_d,1,frac_live,0.671821306,0.672588498,,,,,,
ecp,drugstopping_ralt,2,UNK20,UNK,50,t_innoc_d,2,frac_live,0.65647482,0.685180204,,,,,,
ecp,drugstopping_ralt,2,UNK20,UNK,50,t_innoc_d,3,frac_live,0.65639565,0.664407663,,,,,,
ecp,drugstopping_ralt,2,UNK20,UNK,50,t_innoc_d,4,frac_live,0.680107167,0.660822483,,,,,,
ecp,drugstopping_ralt,2,UNK20,UNK,50,t_innoc_d,5,frac_live,0.685714286,0.645116572,,,,,,
ecp,drugstopping_ralt,2,UNK20,UNK,50,t_innoc_d,6,frac_live,0.666230538,0.676708693,,,,,,
ecp,drugstopping_ralt,2,UNK20,UNK,50,t_innoc_d,0,frac_inf,0.00039427,0.001623816,,,,,,
ecp,drugstopping_ralt,2,UNK20,UNK,50,t_innoc_d,1,frac_inf,0.000925192,0.001842348,,,,,,
ecp,drugstopping_ralt,2,UNK20,UNK,50,t_innoc_d,2,frac_inf,0.084660843,0.090102205,,,,,,
ecp,drugstopping_ralt,2,UNK20,UNK,50,t_innoc_d,3,frac_inf,0.139176592,0.128893523,,,,,,
ecp,drugstopping_ralt,2,UNK20,UNK,50,t_innoc_d,4,frac_inf,0.162759545,0.147608612,,,,,,
ecp,drugstopping_ralt,2,UNK20,UNK,50,t_innoc_d,5,frac_inf,0.150404313,0.153497164,,,,,,
ecp,drugstopping_ralt,2,UNK20,UNK,50,t_innoc_d,6,frac_inf,0.160800733,0.16284008,,,,,,
ecp,drugstopping_ralt,2,UNK20,UNK,50,t_innoc_d,0,dead_frac_of_inf,0.333333333,0.25,,,,,,
ecp,drugstopping_ralt,2,UNK20,UNK,50,t_innoc_d,1,dead_frac_of_inf,0.285714286,0.5,,,,,,
ecp,drugstopping_ralt,2,UNK20,UNK,50,t_innoc_d,2,dead_frac_of_inf,0.566009105,0.580597015,,,,,,
ecp,drugstopping_ralt,2,UNK20,UNK,50,t_innoc_d,3,dead_frac_of_inf,0.488372093,0.517694641,,,,,,
ecp,drugstopping_ralt,2,UNK20,UNK,50,t_innoc_d,4,dead_frac_of_inf,0.471604938,0.481222707,,,,,,
ecp,drugstopping_ralt,2,UNK20,UNK,50,t_innoc_d,5,dead_frac_of_inf,0.484767025,0.538587849,,,,,,
ecp,drugstopping_ralt,2,UNK20,UNK,50,t_innoc_d,6,dead_frac_of_inf,0.515866558,0.466992665,,,,,,
rest,timeseries_uninf,1,43A,2014-07-19,0,time_d,2,count_tot,284625,281250,267712.5,,,,,
rest,timeseries_uninf,1,43A,2014-07-19,0,time_d,4,count_tot,261800,274312,240625,,,,,
rest,timeseries_uninf,1,43A,2014-07-19,0,time_d,6,count_tot,263937.5,256100,273000,,,,,
rest,timeseries_uninf,1,43A,2014-07-19,0,time_d,2,count_dead,35832.08468,30638.02321,30202.13838,,,,,
rest,timeseries_uninf,1,43A,2014-07-19,0,time_d,4,count_dead,83856.03532,97384.91003,85526.51864,,,,,
rest,timeseries_uninf,1,43A,2014-07-19,0,time_d,6,count_dead,196891.8065,168377.9136,169488.3346,,,,,
rest,timeseries_uninf,1,43A,2014-07-19,0,time_d,2,frac_inf,8.79E-06,0,8.92E-06,,,,,
rest,timeseries_uninf,1,43A,2014-07-19,0,time_d,4,frac_inf,0,0,0,,,,,
rest,timeseries_uninf,1,43A,2014-07-19,0,time_d,6,frac_inf,0,0,0,,,,,
rest,timeseries_uninf,1,43A,2014-07-19,0,time_d,2,dead_frac_of_inf,1,,1,,,,,
rest,timeseries_uninf,1,43A,2014-07-19,0,time_d,4,dead_frac_of_inf,,,,,,,,
rest,timeseries_uninf,1,43A,2014-07-19,0,time_d,6,dead_frac_of_inf,,,,,,,,
rest,timeseries_uninf,2,8B,2014-07-19,0,time_d,2,count_tot,275438,282000,273125,,,,,
rest,timeseries_uninf,2,8B,2014-07-19,0,time_d,4,count_tot,266475,262500,263200,,,,,
rest,timeseries_uninf,2,8B,2014-07-19,0,time_d,6,count_tot,227888,226625,233050,,,,,
rest,timeseries_uninf,2,8B,2014-07-19,0,time_d,2,count_dead,74910.8655,68389.21067,96225.79978,,,,,
rest,timeseries_uninf,2,8B,2014-07-19,0,time_d,4,count_dead,142008.8894,143758.7479,139742.5376,,,,,
rest,timeseries_uninf,2,8B,2014-07-19,0,time_d,6,count_dead,196370.8124,189805.3036,199285.607,,,,,
rest,timeseries_uninf,2,8B,2014-07-19,0,time_d,2,frac_inf,0,0,0,,,,,
rest,timeseries_uninf,2,8B,2014-07-19,0,time_d,4,frac_inf,0,0,0,,,,,
rest,timeseries_uninf,2,8B,2014-07-19,0,time_d,6,frac_inf,0,0,1.35E-05,,,,,
rest,timeseries_uninf,2,8B,2014-07-19,0,time_d,2,dead_frac_of_inf,,,,,,,,
rest,timeseries_uninf,2,8B,2014-07-19,0,time_d,4,dead_frac_of_inf,,,,,,,,
rest,timeseries_uninf,2,8B,2014-07-19,0,time_d,6,dead_frac_of_inf,,,1,,,,,
rest,timeseries_uninf,3,43B,2015-07-15,0,time_d,2,count_tot,307625,308550,263287.5,,,,,
rest,timeseries_uninf,3,43B,2015-07-15,0,time_d,4,count_tot,269875,261625,275800,,,,,
rest,timeseries_uninf,3,43B,2015-07-15,0,time_d,6,count_tot,259875,246450,258488,,,,,
rest,timeseries_uninf,3,43B,2015-07-15,0,time_d,2,count_dead,78636.42547,59459.50005,52650.85636,,,,,
rest,timeseries_uninf,3,43B,2015-07-15,0,time_d,4,count_dead,126978.0918,112612.1506,126104.5921,,,,,
rest,timeseries_uninf,3,43B,2015-07-15,0,time_d,6,count_dead,220129.4118,205157.3316,203545.6756,,,,,
rest,timeseries_uninf,3,43B,2015-07-15,0,time_d,2,frac_inf,1.29E-05,2.55E-05,1.26E-05,,,,,
rest,timeseries_uninf,3,43B,2015-07-15,0,time_d,4,frac_inf,0,2.93E-05,0,,,,,
rest,timeseries_uninf,3,43B,2015-07-15,0,time_d,6,frac_inf,3.83E-05,0,1.31E-05,,,,,
rest,timeseries_uninf,3,43B,2015-07-15,0,time_d,2,dead_frac_of_inf,0,0.5,1,,,,,
rest,timeseries_uninf,3,43B,2015-07-15,0,time_d,4,dead_frac_of_inf,,0.5,,,,,,
rest,timeseries_uninf,3,43B,2015-07-15,0,time_d,6,dead_frac_of_inf,1,,1,,,,,
rest,timeseries_inf,1,43A,2014-07-19,20,time_d,2,count_tot,253680,258500,254680,,,,,
rest,timeseries_inf,1,43A,2014-07-19,20,time_d,4,count_tot,247800,244725,208500,,,,,
rest,timeseries_inf,1,43A,2014-07-19,20,time_d,6,count_tot,237350,247775,234062.5,,,,,
rest,timeseries_inf,1,43A,2014-07-19,20,time_d,2,count_dead,34288.90483,28912.84499,36253.00067,,,,,
rest,timeseries_inf,1,43A,2014-07-19,20,time_d,4,count_dead,79544.97366,86948.00851,69803.32282,,,,,
rest,timeseries_inf,1,43A,2014-07-19,20,time_d,6,count_dead,166069.8223,174071.6984,155584.7846,,,,,
rest,timeseries_inf,1,43A,2014-07-19,20,time_d,2,frac_inf,1.03E-05,0,0,,,,,
rest,timeseries_inf,1,43A,2014-07-19,20,time_d,4,frac_inf,0.000202224,0.000174086,0.000171525,,,,,
rest,timeseries_inf,1,43A,2014-07-19,20,time_d,6,frac_inf,0.00023576,0.000227084,0.000281083,,,,,
rest,timeseries_inf,1,43A,2014-07-19,20,time_d,2,dead_frac_of_inf,0,,,,,,,
rest,timeseries_inf,1,43A,2014-07-19,20,time_d,4,dead_frac_of_inf,0.368421053,0.352941176,0.333333333,,,,,
rest,timeseries_inf,1,43A,2014-07-19,20,time_d,6,dead_frac_of_inf,0.782608696,0.739130435,0.766666667,,,,,
rest,timeseries_inf,2,8B,2014-07-19,20,time_d,2,count_tot,266263,246325,264500,,,,,
rest,timeseries_inf,2,8B,2014-07-19,20,time_d,4,count_tot,244500,249563,244200,,,,,
rest,timeseries_inf,2,8B,2014-07-19,20,time_d,6,count_tot,201650,203438,210000,,,,,
rest,timeseries_inf,2,8B,2014-07-19,20,time_d,2,count_dead,90009.14567,54553.56891,80690.04406,,,,,
rest,timeseries_inf,2,8B,2014-07-19,20,time_d,4,count_dead,130924.1327,139663.048,132998.6246,,,,,
rest,timeseries_inf,2,8B,2014-07-19,20,time_d,6,count_dead,173202.066,172166.5088,181061.1391,,,,,
rest,timeseries_inf,2,8B,2014-07-19,20,time_d,2,frac_inf,2.88E-05,2.56E-05,0,,,,,
rest,timeseries_inf,2,8B,2014-07-19,20,time_d,4,frac_inf,0.000334471,0.000283561,0.000333586,,,,,
rest,timeseries_inf,2,8B,2014-07-19,20,time_d,6,frac_inf,0.000604813,0.000628346,0.000475421,,,,,
rest,timeseries_inf,2,8B,2014-07-19,20,time_d,2,dead_frac_of_inf,0,0.5,,,,,,
rest,timeseries_inf,2,8B,2014-07-19,20,time_d,4,dead_frac_of_inf,0.586206897,0.291666667,0.307692308,,,,,
rest,timeseries_inf,2,8B,2014-07-19,20,time_d,6,dead_frac_of_inf,0.744680851,0.653846154,0.8,,,,,
rest,timeseries_inf,3,43B,2015-07-15,50,time_d,2,count_tot,312700,311212.5,294325,,,,,
rest,timeseries_inf,3,43B,2015-07-15,50,time_d,4,count_tot,245313,245313,260775,,,,,
rest,timeseries_inf,3,43B,2015-07-15,50,time_d,6,count_tot,222300,230850,233700,,,,,
rest,timeseries_inf,3,43B,2015-07-15,50,time_d,2,count_dead,81361.3647,64336.51373,80995.52984,,,,,
rest,timeseries_inf,3,43B,2015-07-15,50,time_d,4,count_dead,142531.132,149314.8408,148120.956,,,,,
rest,timeseries_inf,3,43B,2015-07-15,50,time_d,6,count_dead,200438.0126,202531.9562,207525.5359,,,,,
rest,timeseries_inf,3,43B,2015-07-15,50,time_d,2,frac_inf,0,0,1.25E-05,,,,,
rest,timeseries_inf,3,43B,2015-07-15,50,time_d,4,frac_inf,0.000539991,0.000349023,0.000474846,,,,,
rest,timeseries_inf,3,43B,2015-07-15,50,time_d,6,frac_inf,0.000874757,0.00112148,0.00114321,,,,,
rest,timeseries_inf,3,43B,2015-07-15,50,time_d,2,dead_frac_of_inf,,,1,,,,,
rest,timeseries_inf,3,43B,2015-07-15,50,time_d,4,dead_frac_of_inf,0.558139535,0.392857143,0.421052632,,,,,
rest,timeseries_inf,3,43B,2015-07-15,50,time_d,6,dead_frac_of_inf,0.725,0.714285714,0.75,,,,,
rest,virus_decay,1,38A,2015-06-22,10,t_incub_d,0,count_tot,201500,214200,216050,,,,,
rest,virus_decay,1,38A,2015-06-22,10,t_incub_d,1,count_tot,233700,229687,223850,,,,,
rest,virus_decay,1,38A,2015-06-22,10,t_incub_d,2,count_tot,230550,235600,241800,,,,,
rest,virus_decay,1,38A,2015-06-22,10,t_incub_d,3,count_tot,251137,247275,245437,,,,,
rest,virus_decay,1,38A,2015-06-22,10,t_incub_d,4,count_tot,260100,263280,267000,,,,,
rest,virus_decay,1,38A,2015-06-22,10,t_incub_d,0,count_dead,170539.7702,174568.7245,181041.6468,,,,,
rest,virus_decay,1,38A,2015-06-22,10,t_incub_d,1,count_dead,192793.9328,186054.4664,183755.7353,,,,,
rest,virus_decay,1,38A,2015-06-22,10,t_incub_d,2,count_dead,185849.6872,188845.7062,187360.244,,,,,
rest,virus_decay,1,38A,2015-06-22,10,t_incub_d,3,count_dead,202915.3129,194262.1874,192331.2414,,,,,
rest,virus_decay,1,38A,2015-06-22,10,t_incub_d,4,count_dead,206134.2909,210792.6667,222711.431,,,,,
rest,virus_decay,1,38A,2015-06-22,10,t_incub_d,0,frac_inf,0.001037245,0.001079819,0.000816788,,,,,
rest,virus_decay,1,38A,2015-06-22,10,t_incub_d,1,frac_inf,0.000176404,0.000299897,0.000381614,,,,,
rest,virus_decay,1,38A,2015-06-22,10,t_incub_d,2,frac_inf,1.21E-05,1.14E-05,2.80E-05,,,,,
rest,virus_decay,1,38A,2015-06-22,10,t_incub_d,3,frac_inf,9.62E-06,0,1.27E-05,,,,,
rest,virus_decay,1,38A,2015-06-22,10,t_incub_d,4,frac_inf,0,0,1.27E-05,,,,,
rest,virus_decay,1,38A,2015-06-22,10,t_incub_d,0,dead_frac_of_inf,0.723684211,0.696969697,0.692307692,,,,,
rest,virus_decay,1,38A,2015-06-22,10,t_incub_d,1,dead_frac_of_inf,0.8125,0.565217391,0.774193548,,,,,
rest,virus_decay,1,38A,2015-06-22,10,t_incub_d,2,dead_frac_of_inf,0,1,0.5,,,,,
rest,virus_decay,1,38A,2015-06-22,10,t_incub_d,3,dead_frac_of_inf,0,,1,,,,,
rest,virus_decay,1,38A,2015-06-22,10,t_incub_d,4,dead_frac_of_inf,,,1,,,,,
rest,virus_decay,2,32A,2015-06-22,10,t_incub_d,0,count_tot,282150,246000,256650,,,,,
rest,virus_decay,2,32A,2015-06-22,10,t_incub_d,1,count_tot,327000,337600,281363,,,,,
rest,virus_decay,2,32A,2015-06-22,10,t_incub_d,2,count_tot,285000,292800,268400,,,,,
rest,virus_decay,2,32A,2015-06-22,10,t_incub_d,3,count_tot,288225,264063,218150,,,,,
rest,virus_decay,2,32A,2015-06-22,10,t_incub_d,4,count_tot,265938,329725,204500,,,,,
rest,virus_decay,2,32A,2015-06-22,10,t_incub_d,0,count_dead,201370.4423,160993.4672,176224.1301,,,,,
rest,virus_decay,2,32A,2015-06-22,10,t_incub_d,1,count_dead,237198.1096,235648.1822,205669.7028,,,,,
rest,virus_decay,2,32A,2015-06-22,10,t_incub_d,2,count_dead,205227.5293,216150.3597,199651.2687,,,,,
rest,virus_decay,2,32A,2015-06-22,10,t_incub_d,3,count_dead,199565.969,190465.5311,156024.7625,,,,,
rest,virus_decay,2,32A,2015-06-22,10,t_incub_d,4,count_dead,175972.2452,238530.4959,144239.3796,,,,,
rest,virus_decay,2,32A,2015-06-22,10,t_incub_d,0,frac_inf,0.000272446,0.000307757,0.000301564,,,,,
rest,virus_decay,2,32A,2015-06-22,10,t_incub_d,1,frac_inf,0,4.97E-05,5.27E-05,,,,,
rest,virus_decay,2,32A,2015-06-22,10,t_incub_d,2,frac_inf,6.27E-05,0,0,,,,,
rest,virus_decay,2,32A,2015-06-22,10,t_incub_d,3,frac_inf,0,1.51E-05,0,,,,,
rest,virus_decay,2,32A,2015-06-22,10,t_incub_d,4,frac_inf,0,0,0,,,,,
rest,virus_decay,2,32A,2015-06-22,10,t_incub_d,0,dead_frac_of_inf,0.6,0.5,0.761904762,,,,,
rest,virus_decay,2,32A,2015-06-22,10,t_incub_d,1,dead_frac_of_inf,,0.75,1,,,,,
rest,virus_decay,2,32A,2015-06-22,10,t_incub_d,2,dead_frac_of_inf,0.75,,,,,,,
rest,virus_decay,2,32A,2015-06-22,10,t_incub_d,3,dead_frac_of_inf,,1,,,,,,
rest,virus_decay,2,32A,2015-06-22,10,t_incub_d,4,dead_frac_of_inf,,,,,,,,
rest,virus_dilution,1,13A,2015-06-01,NA,v_innoc,1.25,frac_live,0.494170807,0.462169318,0.472462864,,,,,
rest,virus_dilution,1,13A,2015-06-01,NA,v_innoc,2.5,frac_live,0.478130486,0.484848485,0.463433684,,,,,
rest,virus_dilution,1,13A,2015-06-01,NA,v_innoc,5,frac_live,0.458572161,0.507778036,0.444540236,,,,,
rest,virus_dilution,1,13A,2015-06-01,NA,v_innoc,10,frac_live,0.434891504,0.41319812,0.422222222,,,,,
rest,virus_dilution,1,13A,2015-06-01,NA,v_innoc,20,frac_live,0.387626368,0.370916001,0.346960608,,,,,
rest,virus_dilution,1,13A,2015-06-01,NA,v_innoc,40,frac_live,0.301499847,0.302180216,0.282083484,,,,,
rest,virus_dilution,1,13A,2015-06-01,NA,v_innoc,1.25,frac_inf,0.000773897,0.000656091,0.000743923,,,,,
rest,virus_dilution,1,13A,2015-06-01,NA,v_innoc,2.5,frac_inf,0.001560367,0.00165739,0.001065038,,,,,
rest,virus_dilution,1,13A,2015-06-01,NA,v_innoc,5,frac_inf,0.002749429,0.00327632,0.002246069,,,,,
rest,virus_dilution,1,13A,2015-06-01,NA,v_innoc,10,frac_inf,0.004765388,0.005737393,0.003405539,,,,,
rest,virus_dilution,1,13A,2015-06-01,NA,v_innoc,20,frac_inf,0.008480241,0.008316136,0.007488633,,,,,
rest,virus_dilution,1,13A,2015-06-01,NA,v_innoc,40,frac_inf,0.011818522,0.012065758,0.010910347,,,,,
rest,virus_dilution,1,13A,2015-06-01,NA,v_innoc,1.25,dead_frac_of_inf,0.774193548,0.607142857,0.709677419,,,,,
rest,virus_dilution,1,13A,2015-06-01,NA,v_innoc,2.5,dead_frac_of_inf,0.71875,0.76119403,0.755555556,,,,,
rest,virus_dilution,1,13A,2015-06-01,NA,v_innoc,5,dead_frac_of_inf,0.872881356,0.724409449,0.757575758,,,,,
rest,virus_dilution,1,13A,2015-06-01,NA,v_innoc,10,dead_frac_of_inf,0.76744186,0.756457565,0.759493671,,,,,
rest,virus_dilution,1,13A,2015-06-01,NA,v_innoc,20,dead_frac_of_inf,0.763546798,0.773955774,0.793367347,,,,,
rest,virus_dilution,1,13A,2015-06-01,NA,v_innoc,40,dead_frac_of_inf,0.810071942,0.825,0.792805755,,,,,
rest,virus_dilution,2,41A,2015-06-01,NA,v_innoc,1.25,frac_live,0.190855685,0.208924734,0.229517529,,,,,
rest,virus_dilution,2,41A,2015-06-01,NA,v_innoc,2.5,frac_live,0.192900991,0.253724931,0.217960182,,,,,
rest,virus_dilution,2,41A,2015-06-01,NA,v_innoc,5,frac_live,0.194361259,0.239096481,0.276099893,,,,,
rest,virus_dilution,2,41A,2015-06-01,NA,v_innoc,10,frac_live,0.188630918,0.267149921,0.242693352,,,,,
rest,virus_dilution,2,41A,2015-06-01,NA,v_innoc,20,frac_live,0.159878512,0.209196866,0.198231035,,,,,
rest,virus_dilution,2,41A,2015-06-01,NA,v_innoc,40,frac_live,0.128722502,0.148333159,0.149194907,,,,,
rest,virus_dilution,2,41A,2015-06-01,NA,v_innoc,1.25,frac_inf,0.000175537,0.000185711,0.000236029,,,,,
rest,virus_dilution,2,41A,2015-06-01,NA,v_innoc,2.5,frac_inf,0.000316052,0.00052172,0.000420798,,,,,
rest,virus_dilution,2,41A,2015-06-01,NA,v_innoc,5,frac_inf,0.000499111,0.000972476,0.000641571,,,,,
rest,virus_dilution,2,41A,2015-06-01,NA,v_innoc,10,frac_inf,0.000873455,0.001392156,0.001140761,,,,,
rest,virus_dilution,2,41A,2015-06-01,NA,v_innoc,20,frac_inf,0.001245254,0.002063563,0.001943918,,,,,
rest,virus_dilution,2,41A,2015-06-01,NA,v_innoc,40,frac_inf,0.001793762,0.002755031,0.002265493,,,,,
rest,virus_dilution,2,41A,2015-06-01,NA,v_innoc,1.25,dead_frac_of_inf,0.6,0.642857143,0.705882353,,,,,
rest,virus_dilution,2,41A,2015-06-01,NA,v_innoc,2.5,dead_frac_of_inf,0.653846154,0.705882353,0.8125,,,,,
rest,virus_dilution,2,41A,2015-06-01,NA,v_innoc,5,dead_frac_of_inf,0.731707317,0.833333333,0.5,,,,,
rest,virus_dilution,2,41A,2015-06-01,NA,v_innoc,10,dead_frac_of_inf,0.702702703,0.655172414,0.607594937,,,,,
rest,virus_dilution,2,41A,2015-06-01,NA,v_innoc,20,dead_frac_of_inf,0.682926829,0.691358025,0.64375,,,,,
rest,virus_dilution,2,41A,2015-06-01,NA,v_innoc,40,dead_frac_of_inf,0.721393035,0.712802768,0.747933884,,,,,
rest,virus_dilution,3,43C,2015-06-01,NA,v_innoc,1.25,frac_live,0.433263521,0.479987209,0.483794425,,,,,
rest,virus_dilution,3,43C,2015-06-01,NA,v_innoc,2.5,frac_live,0.440768491,0.493269708,0.512961158,,,,,
rest,virus_dilution,3,43C,2015-06-01,NA,v_innoc,5,frac_live,0.446124906,0.505950214,0.477194664,,,,,
rest,virus_dilution,3,43C,2015-06-01,NA,v_innoc,10,frac_live,0.451965673,0.473745042,0.467038069,,,,,
rest,virus_dilution,3,43C,2015-06-01,NA,v_innoc,20,frac_live,0.400540601,0.420473793,0.424148896,,,,,
rest,virus_dilution,3,43C,2015-06-01,NA,v_innoc,40,frac_live,0.306663826,0.346364285,0.329813827,,,,,
rest,virus_dilution,3,43C,2015-06-01,NA,v_innoc,1.25,frac_inf,0.000172478,0.000479667,0.000130375,,,,,
rest,virus_dilution,3,43C,2015-06-01,NA,v_innoc,2.5,frac_inf,0.000329064,0.00060683,0.000807462,,,,,
rest,virus_dilution,3,43C,2015-06-01,NA,v_innoc,5,frac_inf,0.000928016,0.001568056,0.000958543,,,,,
rest,virus_dilution,3,43C,2015-06-01,NA,v_innoc,10,frac_inf,0.001974534,0.002180252,0.00185701,,,,,
rest,virus_dilution,3,43C,2015-06-01,NA,v_innoc,20,frac_inf,0.003626535,0.003125224,0.003109802,,,,,
rest,virus_dilution,3,43C,2015-06-01,NA,v_innoc,40,frac_inf,0.004314707,0.004718103,0.004309219,,,,,
rest,virus_dilution,3,43C,2015-06-01,NA,v_innoc,1.25,dead_frac_of_inf,0.571428571,0.611111111,0.6,,,,,
rest,virus_dilution,3,43C,2015-06-01,NA,v_innoc,2.5,dead_frac_of_inf,0.538461538,0.727272727,0.620689655,,,,,
rest,virus_dilution,3,43C,2015-06-01,NA,v_innoc,5,dead_frac_of_inf,0.72972973,0.642857143,0.583333333,,,,,
rest,virus_dilution,3,43C,2015-06-01,NA,v_innoc,10,dead_frac_of_inf,0.666666667,0.602409639,0.583333333,,,,,
rest,virus_dilution,3,43C,2015-06-01,NA,v_innoc,20,dead_frac_of_inf,0.621118012,0.65648855,0.639097744,,,,,
rest,virus_dilution,3,43C,2015-06-01,NA,v_innoc,40,dead_frac_of_inf,0.724279835,0.638655462,0.696969697,,,,,
rest,drugstopping_efav,1,UNK6,UNK,50,t_innoc_d,0,frac_live,0.590489709,0.590522335,,,,,,
rest,drugstopping_efav,1,UNK6,UNK,50,t_innoc_d,0.5,frac_live,0.605994418,0.599735799,,,,,,
rest,drugstopping_efav,1,UNK6,UNK,50,t_innoc_d,1,frac_live,0.586178576,0.578575565,,,,,,
rest,drugstopping_efav,1,UNK6,UNK,50,t_innoc_d,2,frac_live,0.568471338,0.570467503,,,,,,
rest,drugstopping_efav,1,UNK6,UNK,50,t_innoc_d,3,frac_live,0.579160872,0.543031226,,,,,,
rest,drugstopping_efav,1,UNK6,UNK,50,t_innoc_d,4,frac_live,0.583917719,0.558889386,,,,,,
rest,drugstopping_efav,1,UNK6,UNK,50,t_innoc_d,6,frac_live,0.580802792,0.55716676,,,,,,
rest,drugstopping_efav,1,UNK6,UNK,50,t_innoc_d,0,frac_inf,0,0,,,,,,
rest,drugstopping_efav,1,UNK6,UNK,50,t_innoc_d,0.5,frac_inf,0,0,,,,,,
rest,drugstopping_efav,1,UNK6,UNK,50,t_innoc_d,1,frac_inf,0.00011733,0.000231616,,,,,,
rest,drugstopping_efav,1,UNK6,UNK,50,t_innoc_d,2,frac_inf,0.004208371,0.003306727,,,,,,
rest,drugstopping_efav,1,UNK6,UNK,50,t_innoc_d,3,frac_inf,0.016342142,0.017952345,,,,,,
rest,drugstopping_efav,1,UNK6,UNK,50,t_innoc_d,4,frac_inf,0.017765311,0.016793551,,,,,,
rest,drugstopping_efav,1,UNK6,UNK,50,t_innoc_d,6,frac_inf,0.019662595,0.019074177,,,,,,
rest,drugstopping_efav,1,UNK6,UNK,50,t_innoc_d,0,dead_frac_of_inf,,,,,,,,
rest,drugstopping_efav,1,UNK6,UNK,50,t_innoc_d,0.5,dead_frac_of_inf,,,,,,,,
rest,drugstopping_efav,1,UNK6,UNK,50,t_innoc_d,1,dead_frac_of_inf,0,0.5,,,,,,
rest,drugstopping_efav,1,UNK6,UNK,50,t_innoc_d,2,dead_frac_of_inf,0.675675676,0.517241379,,,,,,
rest,drugstopping_efav,1,UNK6,UNK,50,t_innoc_d,3,dead_frac_of_inf,0.496453901,0.472727273,,,,,,
rest,drugstopping_efav,1,UNK6,UNK,50,t_innoc_d,4,dead_frac_of_inf,0.480263158,0.526666667,,,,,,
rest,drugstopping_efav,1,UNK6,UNK,50,t_innoc_d,6,dead_frac_of_inf,0.49112426,0.50877193,,,,,,
rest,drugstopping_efav,2,UNK7,UNK,50,t_innoc_d,0,frac_live,0.763861311,0.754108247,,,,,,
rest,drugstopping_efav,2,UNK7,UNK,50,t_innoc_d,1,frac_live,0.754679952,0.734909678,,,,,,
rest,drugstopping_efav,2,UNK7,UNK,50,t_innoc_d,2,frac_live,0.740855916,0.721020761,,,,,,
rest,drugstopping_efav,2,UNK7,UNK,50,t_innoc_d,3,frac_live,0.687800853,0.717853042,,,,,,
rest,drugstopping_efav,2,UNK7,UNK,50,t_innoc_d,4,frac_live,0.751991583,0.713552068,,,,,,
rest,drugstopping_efav,2,UNK7,UNK,50,t_innoc_d,5,frac_live,0.733294256,0.742433234,,,,,,
rest,drugstopping_efav,2,UNK7,UNK,50,t_innoc_d,6,frac_live,0.726085063,0.710735586,,,,,,
rest,drugstopping_efav,2,UNK7,UNK,50,t_innoc_d,0,frac_inf,0,0,,,,,,
rest,drugstopping_efav,2,UNK7,UNK,50,t_innoc_d,1,frac_inf,0,0,,,,,,
rest,drugstopping_efav,2,UNK7,UNK,50,t_innoc_d,2,frac_inf,0.002813564,0.00432526,,,,,,
rest,drugstopping_efav,2,UNK7,UNK,50,t_innoc_d,3,frac_inf,0.007289231,0.006888634,,,,,,
rest,drugstopping_efav,2,UNK7,UNK,50,t_innoc_d,4,frac_inf,0.007064482,0.005135521,,,,,,
rest,drugstopping_efav,2,UNK7,UNK,50,t_innoc_d,5,frac_inf,0.00630129,0.007418398,,,,,,
rest,drugstopping_efav,2,UNK7,UNK,50,t_innoc_d,6,frac_inf,0.00551604,0.004686169,,,,,,
rest,drugstopping_efav,2,UNK7,UNK,50,t_innoc_d,0,dead_frac_of_inf,,,,,,,,
rest,drugstopping_efav,2,UNK7,UNK,50,t_innoc_d,1,dead_frac_of_inf,,,,,,,,
rest,drugstopping_efav,2,UNK7,UNK,50,t_innoc_d,2,dead_frac_of_inf,0.368421053,0.433333333,,,,,,
rest,drugstopping_efav,2,UNK7,UNK,50,t_innoc_d,3,dead_frac_of_inf,0.603773585,0.375,,,,,,
rest,drugstopping_efav,2,UNK7,UNK,50,t_innoc_d,4,dead_frac_of_inf,0.468085106,0.444444444,,,,,,
rest,drugstopping_efav,2,UNK7,UNK,50,t_innoc_d,5,dead_frac_of_inf,0.325581395,0.44,,,,,,
rest,drugstopping_efav,2,UNK7,UNK,50,t_innoc_d,6,dead_frac_of_inf,0.447368421,0.636363636,,,,,,
rest,drugstopping_efav,3,UNK8,UNK,50,t_innoc_d,0,frac_live,0.482443886,0.508902367,,,,,,
rest,drugstopping_efav,3,UNK8,UNK,50,t_innoc_d,1,frac_live,0.49224732,0.51749503,,,,,,
rest,drugstopping_efav,3,UNK8,UNK,50,t_innoc_d,2,frac_live,0.475421797,0.509389441,,,,,,
rest,drugstopping_efav,3,UNK8,UNK,50,t_innoc_d,3,frac_live,0.446465696,0.459358289,,,,,,
rest,drugstopping_efav,3,UNK8,UNK,50,t_innoc_d,4,frac_live,0.437167244,0.422648974,,,,,,
rest,drugstopping_efav,3,UNK8,UNK,50,t_innoc_d,5,frac_live,0.502085152,0.483273821,,,,,,
rest,drugstopping_efav,3,UNK8,UNK,50,t_innoc_d,6,frac_live,0.46158662,0.451644101,,,,,,
rest,drugstopping_efav,3,UNK8,UNK,50,t_innoc_d,0,frac_inf,0,0,,,,,,
rest,drugstopping_efav,3,UNK8,UNK,50,t_innoc_d,1,frac_inf,0.000191424,0.000497018,,,,,,
rest,drugstopping_efav,3,UNK8,UNK,50,t_innoc_d,2,frac_inf,0.009393525,0.010520106,,,,,,
rest,drugstopping_efav,3,UNK8,UNK,50,t_innoc_d,3,frac_inf,0.017325017,0.01657754,,,,,,
rest,drugstopping_efav,3,UNK8,UNK,50,t_innoc_d,4,frac_inf,0.017408941,0.020934641,,,,,,
rest,drugstopping_efav,3,UNK8,UNK,50,t_innoc_d,5,frac_inf,0.016972166,0.019169329,,,,,,
rest,drugstopping_efav,3,UNK8,UNK,50,t_innoc_d,6,frac_inf,0.016814238,0.019606119,,,,,,
rest,drugstopping_efav,3,UNK8,UNK,50,t_innoc_d,0,dead_frac_of_inf,,,,,,,,
rest,drugstopping_efav,3,UNK8,UNK,50,t_innoc_d,1,dead_frac_of_inf,1,0.8,,,,,,
rest,drugstopping_efav,3,UNK8,UNK,50,t_innoc_d,2,dead_frac_of_inf,0.776699029,0.76635514,,,,,,
rest,drugstopping_efav,3,UNK8,UNK,50,t_innoc_d,3,dead_frac_of_inf,0.805,0.741935484,,,,,,
rest,drugstopping_efav,3,UNK8,UNK,50,t_innoc_d,4,dead_frac_of_inf,0.67961165,0.74015748,,,,,,
rest,drugstopping_efav,3,UNK8,UNK,50,t_innoc_d,5,dead_frac_of_inf,0.765714286,0.759803922,,,,,,
rest,drugstopping_efav,3,UNK8,UNK,50,t_innoc_d,6,dead_frac_of_inf,0.813829787,0.704035874,,,,,,
rest,drugstopping_ralt,1,UNK9,UNK,50,t_innoc_d,0,frac_live,0.353574129,0.444604317,,,,,,
rest,drugstopping_ralt,1,UNK9,UNK,50,t_innoc_d,1,frac_live,0.421205919,0.388424951,,,,,,
rest,drugstopping_ralt,1,UNK9,UNK,50,t_innoc_d,2,frac_live,0.462324588,0.478223938,,,,,,
rest,drugstopping_ralt,1,UNK9,UNK,50,t_innoc_d,3,frac_live,0.434146657,0.411844895,,,,,,
rest,drugstopping_ralt,1,UNK9,UNK,50,t_innoc_d,4,frac_live,0.426537502,0.466552048,,,,,,
rest,drugstopping_ralt,1,UNK9,UNK,50,t_innoc_d,5,frac_live,0.405606214,0.481828553,,,,,,
rest,drugstopping_ralt,1,UNK9,UNK,50,t_innoc_d,6,frac_live,0.491089274,0.409015943,,,,,,
rest,drugstopping_ralt,1,UNK9,UNK,50,t_innoc_d,0,frac_inf,0.000116326,0,,,,,,
rest,drugstopping_ralt,1,UNK9,UNK,50,t_innoc_d,1,frac_inf,0,7.26E-05,,,,,,
rest,drugstopping_ralt,1,UNK9,UNK,50,t_innoc_d,2,frac_inf,0.006406345,0.008108108,,,,,,
rest,drugstopping_ralt,1,UNK9,UNK,50,t_innoc_d,3,frac_inf,0.025435247,0.032111481,,,,,,
rest,drugstopping_ralt,1,UNK9,UNK,50,t_innoc_d,4,frac_inf,0.034199325,0.032900907,,,,,,
rest,drugstopping_ralt,1,UNK9,UNK,50,t_innoc_d,5,frac_inf,0.05376562,0.035609518,,,,,,
rest,drugstopping_ralt,1,UNK9,UNK,50,t_innoc_d,6,frac_inf,0.036309127,0.037383178,,,,,,
rest,drugstopping_ralt,1,UNK9,UNK,50,t_innoc_d,0,dead_frac_of_inf,0.5,,,,,,,
rest,drugstopping_ralt,1,UNK9,UNK,50,t_innoc_d,1,dead_frac_of_inf,,1,,,,,,
rest,drugstopping_ralt,1,UNK9,UNK,50,t_innoc_d,2,dead_frac_of_inf,0.75,0.752380952,,,,,,
rest,drugstopping_ralt,1,UNK9,UNK,50,t_innoc_d,3,dead_frac_of_inf,0.592875318,0.627358491,,,,,,
rest,drugstopping_ralt,1,UNK9,UNK,50,t_innoc_d,4,dead_frac_of_inf,0.536480687,0.486935867,,,,,,
rest,drugstopping_ralt,1,UNK9,UNK,50,t_innoc_d,5,dead_frac_of_inf,0.608040201,0.533180778,,,,,,
rest,drugstopping_ralt,1,UNK9,UNK,50,t_innoc_d,6,dead_frac_of_inf,0.513761468,0.514705882,,,,,,
rest,drugstopping_ralt,2,UNK10,UNK,50,t_innoc_d,0,frac_live,0.772972186,0.783590963,,,,,,
rest,drugstopping_ralt,2,UNK10,UNK,50,t_innoc_d,1,frac_live,0.792014303,0.802192712,,,,,,
rest,drugstopping_ralt,2,UNK10,UNK,50,t_innoc_d,2,frac_live,0.777107547,0.775558515,,,,,,
rest,drugstopping_ralt,2,UNK10,UNK,50,t_innoc_d,3,frac_live,0.76726962,0.763453074,,,,,,
rest,drugstopping_ralt,2,UNK10,UNK,50,t_innoc_d,4,frac_live,0.778036703,0.748715099,,,,,,
rest,drugstopping_ralt,2,UNK10,UNK,50,t_innoc_d,5,frac_live,0.77414627,0.770398482,,,,,,
rest,drugstopping_ralt,2,UNK10,UNK,50,t_innoc_d,6,frac_live,0.779255319,0.74259618,,,,,,
rest,drugstopping_ralt,2,UNK10,UNK,50,t_innoc_d,0,frac_inf,0,0,,,,,,
rest,drugstopping_ralt,2,UNK10,UNK,50,t_innoc_d,1,frac_inf,0,0,,,,,,
rest,drugstopping_ralt,2,UNK10,UNK,50,t_innoc_d,2,frac_inf,0.002206856,0.002367214,,,,,,
rest,drugstopping_ralt,2,UNK10,UNK,50,t_innoc_d,3,frac_inf,0.004985045,0.003265654,,,,,,
rest,drugstopping_ralt,2,UNK10,UNK,50,t_innoc_d,4,frac_inf,0.005388873,0.005834144,,,,,,
rest,drugstopping_ralt,2,UNK10,UNK,50,t_innoc_d,5,frac_inf,0.007767844,0.008173989,,,,,,
rest,drugstopping_ralt,2,UNK10,UNK,50,t_innoc_d,6,frac_inf,0.00679669,0.005535566,,,,,,
rest,drugstopping_ralt,2,UNK10,UNK,50,t_innoc_d,0,dead_frac_of_inf,,,,,,,,
rest,drugstopping_ralt,2,UNK10,UNK,50,t_innoc_d,1,dead_frac_of_inf,,,,,,,,
rest,drugstopping_ralt,2,UNK10,UNK,50,t_innoc_d,2,dead_frac_of_inf,0.733333333,0.4375,,,,,,
rest,drugstopping_ralt,2,UNK10,UNK,50,t_innoc_d,3,dead_frac_of_inf,0.285714286,0.434782609,,,,,,
rest,drugstopping_ralt,2,UNK10,UNK,50,t_innoc_d,4,dead_frac_of_inf,0.324324324,0.380952381,,,,,,
rest,drugstopping_ralt,2,UNK10,UNK,50,t_innoc_d,5,dead_frac_of_inf,0.264150943,0.375,,,,,,
rest,drugstopping_ralt,2,UNK10,UNK,50,t_innoc_d,6,dead_frac_of_inf,0.304347826,0.4,,,,,,